(0.007) 
            SELECT
                c.relname,
                CASE
                    WHEN c.relispartition THEN 'p'
                    WHEN c.relkind IN ('m', 'v') THEN 'v'
                    ELSE 't'
                END,
                obj_description(c.oid, 'pg_class')
            FROM pg_catalog.pg_class c
            LEFT JOIN pg_catalog.pg_namespace n ON n.oid = c.relnamespace
            WHERE c.relkind IN ('f', 'm', 'p', 'r', 'v')
                AND n.nspname NOT IN ('pg_catalog', 'pg_toast')
                AND pg_catalog.pg_table_is_visible(c.oid)
        ; args=None; alias=default
(0.006) 
            SELECT
                c.relname,
                CASE
                    WHEN c.relispartition THEN 'p'
                    WHEN c.relkind IN ('m', 'v') THEN 'v'
                    ELSE 't'
                END,
                obj_description(c.oid, 'pg_class')
            FROM pg_catalog.pg_class c
            LEFT JOIN pg_catalog.pg_namespace n ON n.oid = c.relnamespace
            WHERE c.relkind IN ('f', 'm', 'p', 'r', 'v')
                AND n.nspname NOT IN ('pg_catalog', 'pg_toast')
                AND pg_catalog.pg_table_is_visible(c.oid)
        ; args=None; alias=default
(0.001) 
            SELECT
                c.relname,
                CASE
                    WHEN c.relispartition THEN 'p'
                    WHEN c.relkind IN ('m', 'v') THEN 'v'
                    ELSE 't'
                END,
                obj_description(c.oid, 'pg_class')
            FROM pg_catalog.pg_class c
            LEFT JOIN pg_catalog.pg_namespace n ON n.oid = c.relnamespace
            WHERE c.relkind IN ('f', 'm', 'p', 'r', 'v')
                AND n.nspname NOT IN ('pg_catalog', 'pg_toast')
                AND pg_catalog.pg_table_is_visible(c.oid)
        ; args=None; alias=default
(0.001) 
            SELECT
                c.relname,
                CASE
                    WHEN c.relispartition THEN 'p'
                    WHEN c.relkind IN ('m', 'v') THEN 'v'
                    ELSE 't'
                END,
                obj_description(c.oid, 'pg_class')
            FROM pg_catalog.pg_class c
            LEFT JOIN pg_catalog.pg_namespace n ON n.oid = c.relnamespace
            WHERE c.relkind IN ('f', 'm', 'p', 'r', 'v')
                AND n.nspname NOT IN ('pg_catalog', 'pg_toast')
                AND pg_catalog.pg_table_is_visible(c.oid)
        ; args=None; alias=default
(0.000) BEGIN; args=None; alias=default
CREATE TABLE "django_migrations" ("id" bigint NOT NULL PRIMARY KEY GENERATED BY DEFAULT AS IDENTITY, "app" varchar(255) NOT NULL, "name" varchar(255) NOT NULL, "applied" timestamp with time zone NOT NULL); (params None)
(0.018) CREATE TABLE "django_migrations" ("id" bigint NOT NULL PRIMARY KEY GENERATED BY DEFAULT AS IDENTITY, "app" varchar(255) NOT NULL, "name" varchar(255) NOT NULL, "applied" timestamp with time zone NOT NULL); args=None; alias=default
(0.001) COMMIT; args=None; alias=default
(0.000) BEGIN; args=None; alias=default
CREATE TABLE "django_content_type" ("id" integer NOT NULL PRIMARY KEY GENERATED BY DEFAULT AS IDENTITY, "name" varchar(100) NOT NULL, "app_label" varchar(100) NOT NULL, "model" varchar(100) NOT NULL); (params None)
(0.003) CREATE TABLE "django_content_type" ("id" integer NOT NULL PRIMARY KEY GENERATED BY DEFAULT AS IDENTITY, "name" varchar(100) NOT NULL, "app_label" varchar(100) NOT NULL, "model" varchar(100) NOT NULL); args=None; alias=default
ALTER TABLE "django_content_type" ADD CONSTRAINT "django_content_type_app_label_model_76bd3d3b_uniq" UNIQUE ("app_label", "model"); (params None)
(0.002) ALTER TABLE "django_content_type" ADD CONSTRAINT "django_content_type_app_label_model_76bd3d3b_uniq" UNIQUE ("app_label", "model"); args=None; alias=default
(0.003) 
            SELECT
                c.relname,
                CASE
                    WHEN c.relispartition THEN 'p'
                    WHEN c.relkind IN ('m', 'v') THEN 'v'
                    ELSE 't'
                END,
                obj_description(c.oid, 'pg_class')
            FROM pg_catalog.pg_class c
            LEFT JOIN pg_catalog.pg_namespace n ON n.oid = c.relnamespace
            WHERE c.relkind IN ('f', 'm', 'p', 'r', 'v')
                AND n.nspname NOT IN ('pg_catalog', 'pg_toast')
                AND pg_catalog.pg_table_is_visible(c.oid)
        ; args=None; alias=default
(0.002) INSERT INTO "django_migrations" ("app", "name", "applied") VALUES ('contenttypes', '0001_initial', '2026-08-29 14:29:31.845438+00:00'::timestamptz) RETURNING "django_migrations"."id"; args=('contenttypes', '0001_initial', datetime.datetime(2026, 8, 29, 14, 29, 31, 845438, tzinfo=datetime.timezone.utc)); alias=default
(0.001) COMMIT; args=None; alias=default
(0.000) BEGIN; args=None; alias=default
ALTER TABLE "django_content_type" ALTER COLUMN "name" DROP NOT NULL; (params None)
(0.001) ALTER TABLE "django_content_type" ALTER COLUMN "name" DROP NOT NULL; args=None; alias=default
ALTER TABLE "django_content_type" DROP COLUMN "name"; (params None)
(0.001) ALTER TABLE "django_content_type" DROP COLUMN "name"; args=None; alias=default
(0.000) INSERT INTO "django_migrations" ("app", "name", "applied") VALUES ('contenttypes', '0002_remove_content_type_name', '2026-08-29 14:29:31.851654+00:00'::timestamptz) RETURNING "django_migrations"."id"; args=('contenttypes', '0002_remove_content_type_name', datetime.datetime(2026, 8, 29, 14, 29, 31, 851654, tzinfo=datetime.timezone.utc)); alias=default
(0.000) COMMIT; args=None; alias=default
(0.000) BEGIN; args=None; alias=default
CREATE TABLE "auth_permission" ("id" integer NOT NULL PRIMARY KEY GENERATED BY DEFAULT AS IDENTITY, "name" varchar(50) NOT NULL, "content_type_id" integer NOT NULL, "codename" varchar(100) NOT NULL); (params None)
(0.002) CREATE TABLE "auth_permission" ("id" integer NOT NULL PRIMARY KEY GENERATED BY DEFAULT AS IDENTITY, "name" varchar(50) NOT NULL, "content_type_id" integer NOT NULL, "codename" varchar(100) NOT NULL); args=None; alias=default
CREATE TABLE "auth_group" ("id" integer NOT NULL PRIMARY KEY GENERATED BY DEFAULT AS IDENTITY, "name" varchar(80) NOT NULL UNIQUE); (params None)
(0.003) CREATE TABLE "auth_group" ("id" integer NOT NULL PRIMARY KEY GENERATED BY DEFAULT AS IDENTITY, "name" varchar(80) NOT NULL UNIQUE); args=None; alias=default
CREATE TABLE "auth_group_permissions" ("id" bigint NOT NULL PRIMARY KEY GENERATED BY DEFAULT AS IDENTITY, "group_id" integer NOT NULL, "permission_id" integer NOT NULL); (params None)
(0.002) CREATE TABLE "auth_group_permissions" ("id" bigint NOT NULL PRIMARY KEY GENERATED BY DEFAULT AS IDENTITY, "group_id" integer NOT NULL, "permission_id" integer NOT NULL); args=None; alias=default
ALTER TABLE "auth_permission" ADD CONSTRAINT "auth_permission_content_type_id_codename_01ab375a_uniq" UNIQUE ("content_type_id", "codename"); (params None)
(0.002) ALTER TABLE "auth_permission" ADD CONSTRAINT "auth_permission_content_type_id_codename_01ab375a_uniq" UNIQUE ("content_type_id", "codename"); args=None; alias=default
ALTER TABLE "auth_permission" ADD CONSTRAINT "auth_permission_content_type_id_2f476e4b_fk_django_co" FOREIGN KEY ("content_type_id") REFERENCES "django_content_type" ("id") DEFERRABLE INITIALLY DEFERRED; (params None)
(0.004) ALTER TABLE "auth_permission" ADD CONSTRAINT "auth_permission_content_type_id_2f476e4b_fk_django_co" FOREIGN KEY ("content_type_id") REFERENCES "django_content_type" ("id") DEFERRABLE INITIALLY DEFERRED; args=None; alias=default
CREATE INDEX "auth_permission_content_type_id_2f476e4b" ON "auth_permission" ("content_type_id"); (params None)
(0.001) CREATE INDEX "auth_permission_content_type_id_2f476e4b" ON "auth_permission" ("content_type_id"); args=None; alias=default
CREATE INDEX "auth_group_name_a6ea08ec_like" ON "auth_group" ("name" varchar_pattern_ops); (params None)
(0.001) CREATE INDEX "auth_group_name_a6ea08ec_like" ON "auth_group" ("name" varchar_pattern_ops); args=None; alias=default
ALTER TABLE "auth_group_permissions" ADD CONSTRAINT "auth_group_permissions_group_id_permission_id_0cd325b0_uniq" UNIQUE ("group_id", "permission_id"); (params None)
(0.001) ALTER TABLE "auth_group_permissions" ADD CONSTRAINT "auth_group_permissions_group_id_permission_id_0cd325b0_uniq" UNIQUE ("group_id", "permission_id"); args=None; alias=default
ALTER TABLE "auth_group_permissions" ADD CONSTRAINT "auth_group_permissions_group_id_b120cbf9_fk_auth_group_id" FOREIGN KEY ("group_id") REFERENCES "auth_group" ("id") DEFERRABLE INITIALLY DEFERRED; (params None)
(0.002) ALTER TABLE "auth_group_permissions" ADD CONSTRAINT "auth_group_permissions_group_id_b120cbf9_fk_auth_group_id" FOREIGN KEY ("group_id") REFERENCES "auth_group" ("id") DEFERRABLE INITIALLY DEFERRED; args=None; alias=default
ALTER TABLE "auth_group_permissions" ADD CONSTRAINT "auth_group_permissio_permission_id_84c5c92e_fk_auth_perm" FOREIGN KEY ("permission_id") REFERENCES "auth_permission" ("id") DEFERRABLE INITIALLY DEFERRED; (params None)
(0.001) ALTER TABLE "auth_group_permissions" ADD CONSTRAINT "auth_group_permissio_permission_id_84c5c92e_fk_auth_perm" FOREIGN KEY ("permission_id") REFERENCES "auth_permission" ("id") DEFERRABLE INITIALLY DEFERRED; args=None; alias=default
CREATE INDEX "auth_group_permissions_group_id_b120cbf9" ON "auth_group_permissions" ("group_id"); (params None)
(0.001) CREATE INDEX "auth_group_permissions_group_id_b120cbf9" ON "auth_group_permissions" ("group_id"); args=None; alias=default
CREATE INDEX "auth_group_permissions_permission_id_84c5c92e" ON "auth_group_permissions" ("permission_id"); (params None)
(0.001) CREATE INDEX "auth_group_permissions_permission_id_84c5c92e" ON "auth_group_permissions" ("permission_id"); args=None; alias=default
(0.001) COMMIT; args=None; alias=default
(0.001) INSERT INTO "django_migrations" ("app", "name", "applied") VALUES ('auth', '0001_initial', '2026-08-29 14:29:31.879971+00:00'::timestamptz) RETURNING "django_migrations"."id"; args=('auth', '0001_initial', datetime.datetime(2026, 8, 29, 14, 29, 31, 879971, tzinfo=datetime.timezone.utc)); alias=default
(0.000) BEGIN; args=None; alias=default
ALTER TABLE "auth_permission" ALTER COLUMN "name" TYPE varchar(255); (params None)
(0.001) ALTER TABLE "auth_permission" ALTER COLUMN "name" TYPE varchar(255); args=None; alias=default
(0.000) INSERT INTO "django_migrations" ("app", "name", "applied") VALUES ('auth', '0002_alter_permission_name_max_length', '2026-08-29 14:29:31.883632+00:00'::timestamptz) RETURNING "django_migrations"."id"; args=('auth', '0002_alter_permission_name_max_length', datetime.datetime(2026, 8, 29, 14, 29, 31, 883632, tzinfo=datetime.timezone.utc)); alias=default
(0.000) COMMIT; args=None; alias=default
(0.000) BEGIN; args=None; alias=default
(0.001) INSERT INTO "django_migrations" ("app", "name", "applied") VALUES ('auth', '0003_alter_user_email_max_length', '2026-08-29 14:29:31.886105+00:00'::timestamptz) RETURNING "django_migrations"."id"; args=('auth', '0003_alter_user_email_max_length', datetime.datetime(2026, 8, 29, 14, 29, 31, 886105, tzinfo=datetime.timezone.utc)); alias=default
(0.000) COMMIT; args=None; alias=default
(0.000) BEGIN; args=None; alias=default
(0.000) INSERT INTO "django_migrations" ("app", "name", "applied") VALUES ('auth', '0004_alter_user_username_opts', '2026-08-29 14:29:31.889153+00:00'::timestamptz) RETURNING "django_migrations"."id"; args=('auth', '0004_alter_user_username_opts', datetime.datetime(2026, 8, 29, 14, 29, 31, 889153, tzinfo=datetime.timezone.utc)); alias=default
(0.000) COMMIT; args=None; alias=default
(0.000) BEGIN; args=None; alias=default
(0.000) INSERT INTO "django_migrations" ("app", "name", "applied") VALUES ('auth', '0005_alter_user_last_login_null', '2026-08-29 14:29:31.892307+00:00'::timestamptz) RETURNING "django_migrations"."id"; args=('auth', '0005_alter_user_last_login_null', datetime.datetime(2026, 8, 29, 14, 29, 31, 892307, tzinfo=datetime.timezone.utc)); alias=default
(0.000) COMMIT; args=None; alias=default
(0.000) BEGIN; args=None; alias=default
(0.000) INSERT INTO "django_migrations" ("app", "name", "applied") VALUES ('auth', '0006_require_contenttypes_0002', '2026-08-29 14:29:31.893347+00:00'::timestamptz) RETURNING "django_migrations"."id"; args=('auth', '0006_require_contenttypes_0002', datetime.datetime(2026, 8, 29, 14, 29, 31, 893347, tzinfo=datetime.timezone.utc)); alias=default
(0.000) COMMIT; args=None; alias=default
(0.000) BEGIN; args=None; alias=default
(0.001) INSERT INTO "django_migrations" ("app", "name", "applied") VALUES ('auth', '0007_alter_validators_add_error_messages', '2026-08-29 14:29:31.895796+00:00'::timestamptz) RETURNING "django_migrations"."id"; args=('auth', '0007_alter_validators_add_error_messages', datetime.datetime(2026, 8, 29, 14, 29, 31, 895796, tzinfo=datetime.timezone.utc)); alias=default
(0.000) COMMIT; args=None; alias=default
(0.000) BEGIN; args=None; alias=default
(0.001) INSERT INTO "django_migrations" ("app", "name", "applied") VALUES ('auth', '0008_alter_user_username_max_length', '2026-08-29 14:29:31.898397+00:00'::timestamptz) RETURNING "django_migrations"."id"; args=('auth', '0008_alter_user_username_max_length', datetime.datetime(2026, 8, 29, 14, 29, 31, 898397, tzinfo=datetime.timezone.utc)); alias=default
(0.000) COMMIT; args=None; alias=default
(0.000) BEGIN; args=None; alias=default
(0.001) INSERT INTO "django_migrations" ("app", "name", "applied") VALUES ('auth', '0009_alter_user_last_name_max_length', '2026-08-29 14:29:31.903783+00:00'::timestamptz) RETURNING "django_migrations"."id"; args=('auth', '0009_alter_user_last_name_max_length', datetime.datetime(2026, 8, 29, 14, 29, 31, 903783, tzinfo=datetime.timezone.utc)); alias=default
(0.000) COMMIT; args=None; alias=default
(0.000) BEGIN; args=None; alias=default
ALTER TABLE "auth_group" ALTER COLUMN "name" TYPE varchar(150); (params None)
(0.002) ALTER TABLE "auth_group" ALTER COLUMN "name" TYPE varchar(150); args=None; alias=default
(0.000) INSERT INTO "django_migrations" ("app", "name", "applied") VALUES ('auth', '0010_alter_group_name_max_length', '2026-08-29 14:29:31.908854+00:00'::timestamptz) RETURNING "django_migrations"."id"; args=('auth', '0010_alter_group_name_max_length', datetime.datetime(2026, 8, 29, 14, 29, 31, 908854, tzinfo=datetime.timezone.utc)); alias=default
(0.000) COMMIT; args=None; alias=default
(0.000) BEGIN; args=None; alias=default
(0.001) INSERT INTO "django_migrations" ("app", "name", "applied") VALUES ('auth', '0011_update_proxy_permissions', '2026-08-29 14:29:31.911075+00:00'::timestamptz) RETURNING "django_migrations"."id"; args=('auth', '0011_update_proxy_permissions', datetime.datetime(2026, 8, 29, 14, 29, 31, 911075, tzinfo=datetime.timezone.utc)); alias=default
(0.000) COMMIT; args=None; alias=default
(0.000) BEGIN; args=None; alias=default
(0.000) INSERT INTO "django_migrations" ("app", "name", "applied") VALUES ('auth', '0012_alter_user_first_name_max_length', '2026-08-29 14:29:31.913607+00:00'::timestamptz) RETURNING "django_migrations"."id"; args=('auth', '0012_alter_user_first_name_max_length', datetime.datetime(2026, 8, 29, 14, 29, 31, 913607, tzinfo=datetime.timezone.utc)); alias=default
(0.000) COMMIT; args=None; alias=default
(0.000) BEGIN; args=None; alias=default
CREATE TABLE "users_user" ("id" bigint NOT NULL PRIMARY KEY GENERATED BY DEFAULT AS IDENTITY, "password" varchar(128) NOT NULL, "last_login" timestamp with time zone NULL, "is_superuser" boolean NOT NULL, "username" varchar(150) NOT NULL UNIQUE, "first_name" varchar(150) NOT NULL, "last_name" varchar(150) NOT NULL, "is_staff" boolean NOT NULL, "is_active" boolean NOT NULL, "date_joined" timestamp with time zone NOT NULL, "email" varchar(254) NOT NULL UNIQUE); (params None)
(0.004) CREATE TABLE "users_user" ("id" bigint NOT NULL PRIMARY KEY GENERATED BY DEFAULT AS IDENTITY, "password" varchar(128) NOT NULL, "last_login" timestamp with time zone NULL, "is_superuser" boolean NOT NULL, "username" varchar(150) NOT NULL UNIQUE, "first_name" varchar(150) NOT NULL, "last_name" varchar(150) NOT NULL, "is_staff" boolean NOT NULL, "is_active" boolean NOT NULL, "date_joined" timestamp with time zone NOT NULL, "email" varchar(254) NOT NULL UNIQUE); args=None; alias=default
CREATE TABLE "users_user_groups" ("id" bigint NOT NULL PRIMARY KEY GENERATED BY DEFAULT AS IDENTITY, "user_id" bigint NOT NULL, "group_id" integer NOT NULL); (params None)
(0.002) CREATE TABLE "users_user_groups" ("id" bigint NOT NULL PRIMARY KEY GENERATED BY DEFAULT AS IDENTITY, "user_id" bigint NOT NULL, "group_id" integer NOT NULL); args=None; alias=default
CREATE TABLE "users_user_user_permissions" ("id" bigint NOT NULL PRIMARY KEY GENERATED BY DEFAULT AS IDENTITY, "user_id" bigint NOT NULL, "permission_id" integer NOT NULL); (params None)
(0.002) CREATE TABLE "users_user_user_permissions" ("id" bigint NOT NULL PRIMARY KEY GENERATED BY DEFAULT AS IDENTITY, "user_id" bigint NOT NULL, "permission_id" integer NOT NULL); args=None; alias=default
CREATE INDEX "users_user_username_06e46fe6_like" ON "users_user" ("username" varchar_pattern_ops); (params None)
(0.001) CREATE INDEX "users_user_username_06e46fe6_like" ON "users_user" ("username" varchar_pattern_ops); args=None; alias=default
CREATE INDEX "users_user_email_243f6e77_like" ON "users_user" ("email" varchar_pattern_ops); (params None)
(0.001) CREATE INDEX "users_user_email_243f6e77_like" ON "users_user" ("email" varchar_pattern_ops); args=None; alias=default
ALTER TABLE "users_user_groups" ADD CONSTRAINT "users_user_groups_user_id_group_id_b88eab82_uniq" UNIQUE ("user_id", "group_id"); (params None)
(0.002) ALTER TABLE "users_user_groups" ADD CONSTRAINT "users_user_groups_user_id_group_id_b88eab82_uniq" UNIQUE ("user_id", "group_id"); args=None; alias=default
ALTER TABLE "users_user_groups" ADD CONSTRAINT "users_user_groups_user_id_5f6f5a90_fk_users_user_id" FOREIGN KEY ("user_id") REFERENCES "users_user" ("id") DEFERRABLE INITIALLY DEFERRED; (params None)
(0.002) ALTER TABLE "users_user_groups" ADD CONSTRAINT "users_user_groups_user_id_5f6f5a90_fk_users_user_id" FOREIGN KEY ("user_id") REFERENCES "users_user" ("id") DEFERRABLE INITIALLY DEFERRED; args=None; alias=default
ALTER TABLE "users_user_groups" ADD CONSTRAINT "users_user_groups_group_id_9afc8d0e_fk_auth_group_id" FOREIGN KEY ("group_id") REFERENCES "auth_group" ("id") DEFERRABLE INITIALLY DEFERRED; (params None)
(0.002) ALTER TABLE "users_user_groups" ADD CONSTRAINT "users_user_groups_group_id_9afc8d0e_fk_auth_group_id" FOREIGN KEY ("group_id") REFERENCES "auth_group" ("id") DEFERRABLE INITIALLY DEFERRED; args=None; alias=default
CREATE INDEX "users_user_groups_user_id_5f6f5a90" ON "users_user_groups" ("user_id"); (params None)
(0.001) CREATE INDEX "users_user_groups_user_id_5f6f5a90" ON "users_user_groups" ("user_id"); args=None; alias=default
CREATE INDEX "users_user_groups_group_id_9afc8d0e" ON "users_user_groups" ("group_id"); (params None)
(0.002) CREATE INDEX "users_user_groups_group_id_9afc8d0e" ON "users_user_groups" ("group_id"); args=None; alias=default
ALTER TABLE "users_user_user_permissions" ADD CONSTRAINT "users_user_user_permissions_user_id_permission_id_43338c45_uniq" UNIQUE ("user_id", "permission_id"); (params None)
(0.001) ALTER TABLE "users_user_user_permissions" ADD CONSTRAINT "users_user_user_permissions_user_id_permission_id_43338c45_uniq" UNIQUE ("user_id", "permission_id"); args=None; alias=default
ALTER TABLE "users_user_user_permissions" ADD CONSTRAINT "users_user_user_permissions_user_id_20aca447_fk_users_user_id" FOREIGN KEY ("user_id") REFERENCES "users_user" ("id") DEFERRABLE INITIALLY DEFERRED; (params None)
(0.001) ALTER TABLE "users_user_user_permissions" ADD CONSTRAINT "users_user_user_permissions_user_id_20aca447_fk_users_user_id" FOREIGN KEY ("user_id") REFERENCES "users_user" ("id") DEFERRABLE INITIALLY DEFERRED; args=None; alias=default
ALTER TABLE "users_user_user_permissions" ADD CONSTRAINT "users_user_user_perm_permission_id_0b93982e_fk_auth_perm" FOREIGN KEY ("permission_id") REFERENCES "auth_permission" ("id") DEFERRABLE INITIALLY DEFERRED; (params None)
(0.001) ALTER TABLE "users_user_user_permissions" ADD CONSTRAINT "users_user_user_perm_permission_id_0b93982e_fk_auth_perm" FOREIGN KEY ("permission_id") REFERENCES "auth_permission" ("id") DEFERRABLE INITIALLY DEFERRED; args=None; alias=default
CREATE INDEX "users_user_user_permissions_user_id_20aca447" ON "users_user_user_permissions" ("user_id"); (params None)
(0.001) CREATE INDEX "users_user_user_permissions_user_id_20aca447" ON "users_user_user_permissions" ("user_id"); args=None; alias=default
CREATE INDEX "users_user_user_permissions_permission_id_0b93982e" ON "users_user_user_permissions" ("permission_id"); (params None)
(0.001) CREATE INDEX "users_user_user_permissions_permission_id_0b93982e" ON "users_user_user_permissions" ("permission_id"); args=None; alias=default
(0.000) COMMIT; args=None; alias=default
(0.001) INSERT INTO "django_migrations" ("app", "name", "applied") VALUES ('users', '0001_initial', '2026-08-29 14:29:31.942399+00:00'::timestamptz) RETURNING "django_migrations"."id"; args=('users', '0001_initial', datetime.datetime(2026, 8, 29, 14, 29, 31, 942399, tzinfo=datetime.timezone.utc)); alias=default
(0.000) BEGIN; args=None; alias=default
CREATE TABLE "django_admin_log" ("id" integer NOT NULL PRIMARY KEY GENERATED BY DEFAULT AS IDENTITY, "action_time" timestamp with time zone NOT NULL, "object_id" text NULL, "object_repr" varchar(200) NOT NULL, "action_flag" smallint NOT NULL CHECK ("action_flag" >= 0), "change_message" text NOT NULL, "content_type_id" integer NULL, "user_id" bigint NOT NULL); (params None)
(0.006) CREATE TABLE "django_admin_log" ("id" integer NOT NULL PRIMARY KEY GENERATED BY DEFAULT AS IDENTITY, "action_time" timestamp with time zone NOT NULL, "object_id" text NULL, "object_repr" varchar(200) NOT NULL, "action_flag" smallint NOT NULL CHECK ("action_flag" >= 0), "change_message" text NOT NULL, "content_type_id" integer NULL, "user_id" bigint NOT NULL); args=None; alias=default
ALTER TABLE "django_admin_log" ADD CONSTRAINT "django_admin_log_content_type_id_c4bce8eb_fk_django_co" FOREIGN KEY ("content_type_id") REFERENCES "django_content_type" ("id") DEFERRABLE INITIALLY DEFERRED; (params None)
(0.001) ALTER TABLE "django_admin_log" ADD CONSTRAINT "django_admin_log_content_type_id_c4bce8eb_fk_django_co" FOREIGN KEY ("content_type_id") REFERENCES "django_content_type" ("id") DEFERRABLE INITIALLY DEFERRED; args=None; alias=default
ALTER TABLE "django_admin_log" ADD CONSTRAINT "django_admin_log_user_id_c564eba6_fk_users_user_id" FOREIGN KEY ("user_id") REFERENCES "users_user" ("id") DEFERRABLE INITIALLY DEFERRED; (params None)
(0.002) ALTER TABLE "django_admin_log" ADD CONSTRAINT "django_admin_log_user_id_c564eba6_fk_users_user_id" FOREIGN KEY ("user_id") REFERENCES "users_user" ("id") DEFERRABLE INITIALLY DEFERRED; args=None; alias=default
CREATE INDEX "django_admin_log_content_type_id_c4bce8eb" ON "django_admin_log" ("content_type_id"); (params None)
(0.002) CREATE INDEX "django_admin_log_content_type_id_c4bce8eb" ON "django_admin_log" ("content_type_id"); args=None; alias=default
CREATE INDEX "django_admin_log_user_id_c564eba6" ON "django_admin_log" ("user_id"); (params None)
(0.002) CREATE INDEX "django_admin_log_user_id_c564eba6" ON "django_admin_log" ("user_id"); args=None; alias=default
(0.000) COMMIT; args=None; alias=default
(0.001) INSERT INTO "django_migrations" ("app", "name", "applied") VALUES ('admin', '0001_initial', '2026-08-29 14:29:31.959842+00:00'::timestamptz) RETURNING "django_migrations"."id"; args=('admin', '0001_initial', datetime.datetime(2026, 8, 29, 14, 29, 31, 959842, tzinfo=datetime.timezone.utc)); alias=default
(0.000) BEGIN; args=None; alias=default
(0.001) INSERT INTO "django_migrations" ("app", "name", "applied") VALUES ('admin', '0002_logentry_remove_auto_add', '2026-08-29 14:29:31.964706+00:00'::timestamptz) RETURNING "django_migrations"."id"; args=('admin', '0002_logentry_remove_auto_add', datetime.datetime(2026, 8, 29, 14, 29, 31, 964706, tzinfo=datetime.timezone.utc)); alias=default
(0.000) COMMIT; args=None; alias=default
(0.000) BEGIN; args=None; alias=default
(0.001) INSERT INTO "django_migrations" ("app", "name", "applied") VALUES ('admin', '0003_logentry_add_action_flag_choices', '2026-08-29 14:29:31.968004+00:00'::timestamptz) RETURNING "django_migrations"."id"; args=('admin', '0003_logentry_add_action_flag_choices', datetime.datetime(2026, 8, 29, 14, 29, 31, 968004, tzinfo=datetime.timezone.utc)); alias=default
(0.000) COMMIT; args=None; alias=default
(0.000) BEGIN; args=None; alias=default
CREATE TABLE "django_session" ("session_key" varchar(40) NOT NULL PRIMARY KEY, "session_data" text NOT NULL, "expire_date" timestamp with time zone NOT NULL); (params None)
(0.003) CREATE TABLE "django_session" ("session_key" varchar(40) NOT NULL PRIMARY KEY, "session_data" text NOT NULL, "expire_date" timestamp with time zone NOT NULL); args=None; alias=default
CREATE INDEX "django_session_session_key_c0390e0f_like" ON "django_session" ("session_key" varchar_pattern_ops); (params None)
(0.001) CREATE INDEX "django_session_session_key_c0390e0f_like" ON "django_session" ("session_key" varchar_pattern_ops); args=None; alias=default
CREATE INDEX "django_session_expire_date_a5c62663" ON "django_session" ("expire_date"); (params None)
(0.002) CREATE INDEX "django_session_expire_date_a5c62663" ON "django_session" ("expire_date"); args=None; alias=default
(0.001) COMMIT; args=None; alias=default
(0.001) INSERT INTO "django_migrations" ("app", "name", "applied") VALUES ('sessions', '0001_initial', '2026-08-29 14:29:31.975692+00:00'::timestamptz) RETURNING "django_migrations"."id"; args=('sessions', '0001_initial', datetime.datetime(2026, 8, 29, 14, 29, 31, 975692, tzinfo=datetime.timezone.utc)); alias=default
(0.000) SELECT "django_migrations"."id", "django_migrations"."app", "django_migrations"."name", "django_migrations"."applied" FROM "django_migrations"; args=(); alias=default
(0.001) SELECT "django_content_type"."model" AS "model" FROM "django_content_type" WHERE "django_content_type"."app_label" = 'admin'; args=('admin',); alias=default
(0.001) INSERT INTO "django_content_type" ("app_label", "model") VALUES ('admin', 'logentry') RETURNING "django_content_type"."id"; args=('admin', 'logentry'); alias=default
(0.000) SELECT "django_content_type"."id", "django_content_type"."app_label", "django_content_type"."model" FROM "django_content_type" WHERE ("django_content_type"."app_label" = 'admin' AND "django_content_type"."model" IN ('logentry')); args=('admin', 'logentry'); alias=default
(0.001) SELECT "auth_permission"."content_type_id" AS "content_type", "auth_permission"."codename" AS "codename" FROM "auth_permission" INNER JOIN "django_content_type" ON ("auth_permission"."content_type_id" = "django_content_type"."id") WHERE "auth_permission"."content_type_id" IN (1) ORDER BY "django_content_type"."app_label" ASC, "django_content_type"."model" ASC, 2 ASC; args=(1,); alias=default
(0.002) INSERT INTO "auth_permission" ("name", "content_type_id", "codename") SELECT * FROM UNNEST(('{"Can add log entry","Can change log entry","Can delete log entry","Can view log entry"}')::varchar[], ('{1,1,1,1}'::int2[])::integer[], ('{add_logentry,change_logentry,delete_logentry,view_logentry}')::varchar[]) RETURNING "auth_permission"."id"; args=(['Can add log entry', 'Can change log entry', 'Can delete log entry', 'Can view log entry'], [1, 1, 1, 1], ['add_logentry', 'change_logentry', 'delete_logentry', 'view_logentry']); alias=default
(0.000) SELECT "django_content_type"."model" AS "model" FROM "django_content_type" WHERE "django_content_type"."app_label" = 'admin'; args=('admin',); alias=default
(0.000) SELECT "django_content_type"."model" AS "model" FROM "django_content_type" WHERE "django_content_type"."app_label" = 'auth'; args=('auth',); alias=default
(0.000) INSERT INTO "django_content_type" ("app_label", "model") SELECT * FROM UNNEST(('{auth,auth}')::varchar[], ('{group,permission}')::varchar[]) RETURNING "django_content_type"."id"; args=(['auth', 'auth'], ['group', 'permission']); alias=default
(0.000) SELECT "django_content_type"."id", "django_content_type"."app_label", "django_content_type"."model" FROM "django_content_type" WHERE ("django_content_type"."app_label" = 'auth' AND "django_content_type"."model" IN ('permission', 'group')); args=('auth', 'permission', 'group'); alias=default
(0.000) SELECT "auth_permission"."content_type_id" AS "content_type", "auth_permission"."codename" AS "codename" FROM "auth_permission" INNER JOIN "django_content_type" ON ("auth_permission"."content_type_id" = "django_content_type"."id") WHERE "auth_permission"."content_type_id" IN (2, 3) ORDER BY "django_content_type"."app_label" ASC, "django_content_type"."model" ASC, 2 ASC; args=(2, 3); alias=default
(0.001) INSERT INTO "auth_permission" ("name", "content_type_id", "codename") SELECT * FROM UNNEST(('{"Can add permission","Can change permission","Can delete permission","Can view permission","Can add group","Can change group","Can delete group","Can view group"}')::varchar[], ('{3,3,3,3,2,2,2,2}'::int2[])::integer[], ('{add_permission,change_permission,delete_permission,view_permission,add_group,change_group,delete_group,view_group}')::varchar[]) RETURNING "auth_permission"."id"; args=(['Can add permission', 'Can change permission', 'Can delete permission', 'Can view permission', 'Can add group', 'Can change group', 'Can delete group', 'Can view group'], [3, 3, 3, 3, 2, 2, 2, 2], ['add_permission', 'change_permission', 'delete_permission', 'view_permission', 'add_group', 'change_group', 'delete_group', 'view_group']); alias=default
(0.000) SELECT "django_content_type"."model" AS "model" FROM "django_content_type" WHERE "django_content_type"."app_label" = 'auth'; args=('auth',); alias=default
(0.000) SELECT "django_content_type"."model" AS "model" FROM "django_content_type" WHERE "django_content_type"."app_label" = 'contenttypes'; args=('contenttypes',); alias=default
(0.000) INSERT INTO "django_content_type" ("app_label", "model") VALUES ('contenttypes', 'contenttype') RETURNING "django_content_type"."id"; args=('contenttypes', 'contenttype'); alias=default
(0.000) SELECT "django_content_type"."id", "django_content_type"."app_label", "django_content_type"."model" FROM "django_content_type" WHERE ("django_content_type"."app_label" = 'contenttypes' AND "django_content_type"."model" IN ('contenttype')); args=('contenttypes', 'contenttype'); alias=default
(0.000) SELECT "auth_permission"."content_type_id" AS "content_type", "auth_permission"."codename" AS "codename" FROM "auth_permission" INNER JOIN "django_content_type" ON ("auth_permission"."content_type_id" = "django_content_type"."id") WHERE "auth_permission"."content_type_id" IN (4) ORDER BY "django_content_type"."app_label" ASC, "django_content_type"."model" ASC, 2 ASC; args=(4,); alias=default
(0.001) INSERT INTO "auth_permission" ("name", "content_type_id", "codename") SELECT * FROM UNNEST(('{"Can add content type","Can change content type","Can delete content type","Can view content type"}')::varchar[], ('{4,4,4,4}'::int2[])::integer[], ('{add_contenttype,change_contenttype,delete_contenttype,view_contenttype}')::varchar[]) RETURNING "auth_permission"."id"; args=(['Can add content type', 'Can change content type', 'Can delete content type', 'Can view content type'], [4, 4, 4, 4], ['add_contenttype', 'change_contenttype', 'delete_contenttype', 'view_contenttype']); alias=default
(0.000) SELECT "django_content_type"."model" AS "model" FROM "django_content_type" WHERE "django_content_type"."app_label" = 'contenttypes'; args=('contenttypes',); alias=default
(0.000) SELECT "django_content_type"."model" AS "model" FROM "django_content_type" WHERE "django_content_type"."app_label" = 'sessions'; args=('sessions',); alias=default
(0.000) INSERT INTO "django_content_type" ("app_label", "model") VALUES ('sessions', 'session') RETURNING "django_content_type"."id"; args=('sessions', 'session'); alias=default
(0.000) SELECT "django_content_type"."id", "django_content_type"."app_label", "django_content_type"."model" FROM "django_content_type" WHERE ("django_content_type"."app_label" = 'sessions' AND "django_content_type"."model" IN ('session')); args=('sessions', 'session'); alias=default
(0.000) SELECT "auth_permission"."content_type_id" AS "content_type", "auth_permission"."codename" AS "codename" FROM "auth_permission" INNER JOIN "django_content_type" ON ("auth_permission"."content_type_id" = "django_content_type"."id") WHERE "auth_permission"."content_type_id" IN (5) ORDER BY "django_content_type"."app_label" ASC, "django_content_type"."model" ASC, 2 ASC; args=(5,); alias=default
(0.001) INSERT INTO "auth_permission" ("name", "content_type_id", "codename") SELECT * FROM UNNEST(('{"Can add session","Can change session","Can delete session","Can view session"}')::varchar[], ('{5,5,5,5}'::int2[])::integer[], ('{add_session,change_session,delete_session,view_session}')::varchar[]) RETURNING "auth_permission"."id"; args=(['Can add session', 'Can change session', 'Can delete session', 'Can view session'], [5, 5, 5, 5], ['add_session', 'change_session', 'delete_session', 'view_session']); alias=default
(0.000) SELECT "django_content_type"."model" AS "model" FROM "django_content_type" WHERE "django_content_type"."app_label" = 'sessions'; args=('sessions',); alias=default
(0.000) SELECT "django_content_type"."model" AS "model" FROM "django_content_type" WHERE "django_content_type"."app_label" = 'users'; args=('users',); alias=default
(0.000) INSERT INTO "django_content_type" ("app_label", "model") VALUES ('users', 'user') RETURNING "django_content_type"."id"; args=('users', 'user'); alias=default
(0.000) SELECT "django_content_type"."id", "django_content_type"."app_label", "django_content_type"."model" FROM "django_content_type" WHERE ("django_content_type"."app_label" = 'users' AND "django_content_type"."model" IN ('user')); args=('users', 'user'); alias=default
(0.000) SELECT "auth_permission"."content_type_id" AS "content_type", "auth_permission"."codename" AS "codename" FROM "auth_permission" INNER JOIN "django_content_type" ON ("auth_permission"."content_type_id" = "django_content_type"."id") WHERE "auth_permission"."content_type_id" IN (6) ORDER BY "django_content_type"."app_label" ASC, "django_content_type"."model" ASC, 2 ASC; args=(6,); alias=default
(0.001) INSERT INTO "auth_permission" ("name", "content_type_id", "codename") SELECT * FROM UNNEST(('{"Can add user","Can change user","Can delete user","Can view user"}')::varchar[], ('{6,6,6,6}'::int2[])::integer[], ('{add_user,change_user,delete_user,view_user}')::varchar[]) RETURNING "auth_permission"."id"; args=(['Can add user', 'Can change user', 'Can delete user', 'Can view user'], [6, 6, 6, 6], ['add_user', 'change_user', 'delete_user', 'view_user']); alias=default
(0.000) SELECT "django_content_type"."model" AS "model" FROM "django_content_type" WHERE "django_content_type"."app_label" = 'users'; args=('users',); alias=default
Watching for file changes with StatReloader
Waiting for apps ready_event.
Apps ready_event triggered. Sending autoreload_started signal.
Watching dir /Users/souad/Desktop/django/skeleton/.venv/lib/python3.14/site-packages/drf_spectacular/templates with glob **/*.
Watching dir /Users/souad/Desktop/django/skeleton/locale with glob **/*.mo.
Watching dir /Users/souad/Desktop/django/skeleton/apps/users/locale with glob **/*.mo.
Watching dir /Users/souad/Desktop/django/skeleton/.venv/lib/python3.14/site-packages/drf_spectacular/locale with glob **/*.mo.
File /Users/souad/Desktop/django/skeleton/.venv/lib/python3.14/site-packages/drf_spectacular/contrib/rest_framework_gis.py first seen with mtime 1787953691.4550345
File /Users/souad/.local/share/uv/python/cpython-3.14.6-macos-aarch64-none/lib/python3.14/lzma.py first seen with mtime 1785777595.252604
File /Users/souad/Desktop/django/skeleton/.venv/lib/python3.14/site-packages/django/template/defaultfilters.py first seen with mtime 1786367760.6262271
File /Users/souad/Desktop/django/skeleton/.venv/lib/python3.14/site-packages/django/contrib/contenttypes/apps.py first seen with mtime 1786367758.7744334
File /Users/souad/.local/share/uv/python/cpython-3.14.6-macos-aarch64-none/lib/python3.14/re/_parser.py first seen with mtime 1785777595.3258257
File /Users/souad/Desktop/django/skeleton/.venv/lib/python3.14/site-packages/django/core/cache/backends/locmem.py first seen with mtime 1786367760.0366838
File /Users/souad/Desktop/django/skeleton/.venv/lib/python3.14/site-packages/django/views/csrf.py first seen with mtime 1786367760.7868962
File /Users/souad/Desktop/django/skeleton/.venv/lib/python3.14/site-packages/django/contrib/staticfiles/management/commands/runserver.py first seen with mtime 1786367759.988797
File /Users/souad/Desktop/django/skeleton/.venv/lib/python3.14/site-packages/django/core/cache/backends/base.py first seen with mtime 1786367760.0261793
File /Users/souad/Desktop/django/skeleton/.venv/lib/python3.14/site-packages/django/core/validators.py first seen with mtime 1786367760.0246975
File /Users/souad/Desktop/django/skeleton/.venv/lib/python3.14/site-packages/psycopg/types/composite.py first seen with mtime 1786881053.071142
File /Users/souad/Desktop/django/skeleton/.venv/lib/python3.14/site-packages/django/apps/registry.py first seen with mtime 1786367754.363591
File /Users/souad/.local/share/uv/python/cpython-3.14.6-macos-aarch64-none/lib/python3.14/dataclasses.py first seen with mtime 1785777594.729513
File /Users/souad/.local/share/uv/python/cpython-3.14.6-macos-aarch64-none/lib/python3.14/asyncio/coroutines.py first seen with mtime 1785777594.6582737
File /Users/souad/Desktop/django/skeleton/.venv/lib/python3.14/site-packages/django/db/backends/postgresql/features.py first seen with mtime 1786367760.1929047
File /Users/souad/Desktop/django/skeleton/.venv/lib/python3.14/site-packages/django/db/__init__.py first seen with mtime 1786367760.1005785
File /Users/souad/.local/share/uv/python/cpython-3.14.6-macos-aarch64-none/lib/python3.14/ssl.py first seen with mtime 1785777595.6893933
File /Users/souad/Desktop/django/skeleton/.venv/lib/python3.14/site-packages/django/db/backends/postgresql/psycopg_any.py first seen with mtime 1786367760.193429
File /Users/souad/.local/share/uv/python/cpython-3.14.6-macos-aarch64-none/lib/python3.14/logging/config.py first seen with mtime 1785777595.245001
File /Users/souad/Desktop/django/skeleton/.venv/lib/python3.14/site-packages/django/contrib/messages/apps.py first seen with mtime 1786367759.5887647
File /Users/souad/.local/share/uv/python/cpython-3.14.6-macos-aarch64-none/lib/python3.14/asyncio/mixins.py first seen with mtime 1785777594.6598134
File /Users/souad/Desktop/django/skeleton/.venv/lib/python3.14/site-packages/django/core/serializers/base.py first seen with mtime 1786367760.0995615
File /Users/souad/Desktop/django/skeleton/.venv/lib/python3.14/site-packages/django/utils/timesince.py first seen with mtime 1786367760.7829766
File /Users/souad/.local/share/uv/python/cpython-3.14.6-macos-aarch64-none/lib/python3.14/tokenize.py first seen with mtime 1785777595.7257266
File /Users/souad/Desktop/django/skeleton/.venv/lib/python3.14/site-packages/django/utils/translation/__init__.py first seen with mtime 1786367760.783795
File /Users/souad/Desktop/django/skeleton/.venv/lib/python3.14/site-packages/django/db/models/fields/tuple_lookups.py first seen with mtime 1786367760.488099
File /Users/souad/Desktop/django/skeleton/.venv/lib/python3.14/site-packages/django/views/defaults.py first seen with mtime 1786367760.7872295
File /Users/souad/Desktop/django/skeleton/.venv/lib/python3.14/site-packages/django/utils/choices.py first seen with mtime 1786367760.725755
File /Users/souad/.local/share/uv/python/cpython-3.14.6-macos-aarch64-none/lib/python3.14/warnings.py first seen with mtime 1785777595.749255
File /Users/souad/Desktop/django/skeleton/.venv/lib/python3.14/site-packages/psycopg/_pipeline_async.py first seen with mtime 1786881052.9961507
File /Users/souad/Desktop/django/skeleton/.venv/lib/python3.14/site-packages/django/contrib/admin/helpers.py first seen with mtime 1786367755.7519953
File /Users/souad/Desktop/django/skeleton/.venv/lib/python3.14/site-packages/django/db/models/signals.py first seen with mtime 1786367760.3677137
File /Users/souad/Desktop/django/skeleton/.venv/lib/python3.14/site-packages/django/db/models/sql/datastructures.py first seen with mtime 1786367760.4922643
File /Users/souad/Desktop/django/skeleton/.venv/lib/python3.14/site-packages/django/core/files/storage/base.py first seen with mtime 1786367760.0723014
File /Users/souad/Desktop/django/skeleton/.venv/lib/python3.14/site-packages/rest_framework/utils/html.py first seen with mtime 1786875965.113484
File /Users/souad/Desktop/django/skeleton/.venv/lib/python3.14/site-packages/django/urls/base.py first seen with mtime 1786367760.714153
File /Users/souad/Desktop/django/skeleton/.venv/lib/python3.14/site-packages/django/db/models/functions/datetime.py first seen with mtime 1786367760.4889438
File /Users/souad/.local/share/uv/python/cpython-3.14.6-macos-aarch64-none/lib/python3.14/email/policy.py first seen with mtime 1785777594.7375903
File /Users/souad/.local/share/uv/python/cpython-3.14.6-macos-aarch64-none/lib/python3.14/keyword.py first seen with mtime 1785777595.2409413
File /Users/souad/.local/share/uv/python/cpython-3.14.6-macos-aarch64-none/lib/python3.14/encodings/utf_8.py first seen with mtime 1785777594.7650123
File /Users/souad/Desktop/django/skeleton/.venv/lib/python3.14/site-packages/psycopg/_queries.py first seen with mtime 1786881052.996926
File /Users/souad/Desktop/django/skeleton/.venv/lib/python3.14/site-packages/drf_spectacular/settings.py first seen with mtime 1787953691.3770733
File /Users/souad/Desktop/django/skeleton/.venv/lib/python3.14/site-packages/django/db/models/functions/comparison.py first seen with mtime 1786367760.4887226
File /Users/souad/Desktop/django/skeleton/.venv/lib/python3.14/site-packages/django/apps/config.py first seen with mtime 1786367754.3633862
File /Users/souad/Desktop/django/skeleton/.venv/lib/python3.14/site-packages/django/utils/dates.py first seen with mtime 1786367760.7267854
File /Users/souad/Desktop/django/skeleton/.venv/lib/python3.14/site-packages/django/core/handlers/asgi.py first seen with mtime 1786367760.0745666
File /Users/souad/Desktop/django/skeleton/.venv/lib/python3.14/site-packages/django/utils/html.py first seen with mtime 1786367760.7792165
File /Users/souad/.local/share/uv/python/cpython-3.14.6-macos-aarch64-none/lib/python3.14/xml/dom/NodeFilter.py first seen with mtime 1785777595.7517679
File /Users/souad/Desktop/django/skeleton/.venv/lib/python3.14/site-packages/asgiref/sync.py first seen with mtime 1786367754.3005826
File /Users/souad/Desktop/django/skeleton/.venv/lib/python3.14/site-packages/django/contrib/admin/templatetags/admin_modify.py first seen with mtime 1786367757.3500178
File /Users/souad/Desktop/django/skeleton/.venv/lib/python3.14/site-packages/psycopg/_tz.py first seen with mtime 1786881053.0153513
File /Users/souad/Desktop/django/skeleton/.venv/lib/python3.14/site-packages/django/templatetags/__init__.py first seen with mtime 1786367760.6497233
File /Users/souad/Desktop/django/skeleton/.venv/lib/python3.14/site-packages/psycopg/_capabilities.py first seen with mtime 1786881052.9357028
File /Users/souad/Desktop/django/skeleton/.venv/lib/python3.14/site-packages/django/utils/translation/reloader.py first seen with mtime 1786367760.7838953
File /Users/souad/Desktop/django/skeleton/.venv/lib/python3.14/site-packages/sqlparse/filters/others.py first seen with mtime 1786875964.84342
File /Users/souad/.local/share/uv/python/cpython-3.14.6-macos-aarch64-none/lib/python3.14/collections/__init__.py first seen with mtime 1785777594.6967561
File /Users/souad/Desktop/django/skeleton/.venv/lib/python3.14/site-packages/django/views/generic/__init__.py first seen with mtime 1786367760.8071504
File /Users/souad/.local/share/uv/python/cpython-3.14.6-macos-aarch64-none/lib/python3.14/unittest/main.py first seen with mtime 1785777595.7404456
File /Users/souad/Desktop/django/skeleton/.venv/lib/python3.14/site-packages/drf_spectacular/utils.py first seen with mtime 1787953691.377889
File /Users/souad/.local/share/uv/python/cpython-3.14.6-macos-aarch64-none/lib/python3.14/wsgiref/handlers.py first seen with mtime 1785777595.750597
File /Users/souad/Desktop/django/skeleton/.venv/lib/python3.14/site-packages/django/contrib/admin/filters.py first seen with mtime 1786367755.7516747
File /Users/souad/Desktop/django/skeleton/.venv/lib/python3.14/site-packages/django/forms/boundfield.py first seen with mtime 1786367760.4975958
File /Users/souad/.local/share/uv/python/cpython-3.14.6-macos-aarch64-none/lib/python3.14/email/quoprimime.py first seen with mtime 1785777594.7377732
File /Users/souad/Desktop/django/skeleton/.venv/lib/python3.14/site-packages/django/db/backends/postgresql/schema.py first seen with mtime 1786367760.1936777
File /Users/souad/.local/share/uv/python/cpython-3.14.6-macos-aarch64-none/lib/python3.14/enum.py first seen with mtime 1785777595.1481798
File /Users/souad/Desktop/django/skeleton/.venv/lib/python3.14/site-packages/django/core/files/uploadhandler.py first seen with mtime 1786367760.0709968
File /Users/souad/Desktop/django/skeleton/.venv/lib/python3.14/site-packages/rest_framework/schemas/generators.py first seen with mtime 1786875964.9881444
File /Users/souad/Desktop/django/skeleton/.venv/lib/python3.14/site-packages/django/contrib/auth/password_validation.py first seen with mtime 1786367758.1602938
File /Users/souad/Desktop/django/skeleton/.venv/lib/python3.14/site-packages/django/db/backends/postgresql/compiler.py first seen with mtime 1786367760.1925795
File /Users/souad/Desktop/django/skeleton/.venv/lib/python3.14/site-packages/django/utils/formats.py first seen with mtime 1786367760.7327225
File /Users/souad/Desktop/django/skeleton/.venv/lib/python3.14/site-packages/psycopg/types/bool.py first seen with mtime 1786881053.070705
File /Users/souad/.local/share/uv/python/cpython-3.14.6-macos-aarch64-none/lib/python3.14/email/_parseaddr.py first seen with mtime 1785777594.7334812
File /Users/souad/Desktop/django/skeleton/.venv/lib/python3.14/site-packages/django/db/backends/postgresql/introspection.py first seen with mtime 1786367760.1931152
File /Users/souad/Desktop/django/skeleton/apps/users/__init__.py first seen with mtime 1787936322.0218458
File /Users/souad/Desktop/django/skeleton/.venv/lib/python3.14/site-packages/psycopg/types/string.py first seen with mtime 1786881053.0766723
File /Users/souad/Desktop/django/skeleton/.venv/lib/python3.14/site-packages/django/contrib/contenttypes/checks.py first seen with mtime 1786367758.7745543
File /Users/souad/Desktop/django/skeleton/.venv/lib/python3.14/site-packages/rest_framework/decorators.py first seen with mtime 1786875964.851478
File /Users/souad/Desktop/django/skeleton/.venv/lib/python3.14/site-packages/sqlparse/filters/aligned_indent.py first seen with mtime 1786875964.8426485
File /Users/souad/Desktop/django/skeleton/.venv/lib/python3.14/site-packages/uritemplate/template.py first seen with mtime 1787953691.2841861
File /Users/souad/Desktop/django/skeleton/.venv/lib/python3.14/site-packages/drf_spectacular/views.py first seen with mtime 1787953691.4528198
File /Users/souad/.local/share/uv/python/cpython-3.14.6-macos-aarch64-none/lib/python3.14/asyncio/futures.py first seen with mtime 1785777594.659167
File /Users/souad/.local/share/uv/python/cpython-3.14.6-macos-aarch64-none/lib/python3.14/copyreg.py first seen with mtime 1785777594.7229848
File /Users/souad/Desktop/django/skeleton/.venv/lib/python3.14/site-packages/yaml/__init__.py first seen with mtime 1787953691.4727185
File /Users/souad/Desktop/django/skeleton/.venv/lib/python3.14/site-packages/django/contrib/auth/middleware.py first seen with mtime 1786367758.1564562
File /Users/souad/Desktop/django/skeleton/.venv/lib/python3.14/site-packages/django/contrib/postgres/forms/array.py first seen with mtime 1786367759.6091342
File /Users/souad/Desktop/django/skeleton/.venv/lib/python3.14/site-packages/django/core/checks/security/base.py first seen with mtime 1786367760.0691628
File /Users/souad/Desktop/django/skeleton/.venv/lib/python3.14/site-packages/django/template/backends/__init__.py first seen with mtime 1786367760.6475842
File /Users/souad/Desktop/django/skeleton/.venv/lib/python3.14/site-packages/drf_spectacular/apps.py first seen with mtime 1787953691.283386
File /Users/souad/Desktop/django/skeleton/apps/users/admin.py first seen with mtime 1787936322.0226202
File /Users/souad/Desktop/django/skeleton/.venv/lib/python3.14/site-packages/rest_framework/utils/breadcrumbs.py first seen with mtime 1786875965.1127064
File /Users/souad/Desktop/django/skeleton/.venv/lib/python3.14/site-packages/yaml/representer.py first seen with mtime 1787953691.4729328
File /Users/souad/.local/share/uv/python/cpython-3.14.6-macos-aarch64-none/lib/python3.14/asyncio/constants.py first seen with mtime 1785777594.6581366
File /Users/souad/Desktop/django/skeleton/.venv/lib/python3.14/site-packages/django/core/management/color.py first seen with mtime 1786367760.0806773
File /Users/souad/Desktop/django/skeleton/.venv/lib/python3.14/site-packages/environ/fileaware_mapping.py first seen with mtime 1787935397.7641358
File /Users/souad/Desktop/django/skeleton/.venv/lib/python3.14/site-packages/django/contrib/admin/templatetags/log.py first seen with mtime 1786367757.3503742
File /Users/souad/Desktop/django/skeleton/.venv/lib/python3.14/site-packages/django/db/models/functions/math.py first seen with mtime 1786367760.4892454
File /Users/souad/Desktop/django/skeleton/.venv/lib/python3.14/site-packages/psycopg/rows.py first seen with mtime 1786881053.0538292
File /Users/souad/Desktop/django/skeleton/.venv/lib/python3.14/site-packages/django/contrib/postgres/fields/ranges.py first seen with mtime 1786367759.5994532
File /Users/souad/.local/share/uv/python/cpython-3.14.6-macos-aarch64-none/lib/python3.14/xml/dom/xmlbuilder.py first seen with mtime 1785777595.7542672
File /Users/souad/Desktop/django/skeleton/.venv/lib/python3.14/site-packages/django/contrib/auth/templatetags/__init__.py first seen with mtime 1786367758.7737832
File /Users/souad/Desktop/django/skeleton/.venv/lib/python3.14/site-packages/psycopg/types/net.py first seen with mtime 1786881053.0720851
File /Users/souad/Desktop/django/skeleton/.venv/lib/python3.14/site-packages/django/core/checks/commands.py first seen with mtime 1786367760.037533
File /Users/souad/Desktop/django/skeleton/.venv/lib/python3.14/site-packages/django/db/models/fields/related_lookups.py first seen with mtime 1786367760.4874563
File /Users/souad/Desktop/django/skeleton/.venv/lib/python3.14/site-packages/psycopg/__init__.py first seen with mtime 1786881052.934706
File /Users/souad/Desktop/django/skeleton/.venv/lib/python3.14/site-packages/django/db/models/manager.py first seen with mtime 1786367760.2909715
File /Users/souad/Desktop/django/skeleton/.venv/lib/python3.14/site-packages/django/core/checks/security/__init__.py first seen with mtime 1786367760.0689363
File /Users/souad/Desktop/django/skeleton/.venv/lib/python3.14/site-packages/django/db/models/aggregates.py first seen with mtime 1786367760.2840443
File /Users/souad/.local/share/uv/python/cpython-3.14.6-macos-aarch64-none/lib/python3.14/contextvars.py first seen with mtime 1785777594.7225823
File /Users/souad/Desktop/django/skeleton/.venv/lib/python3.14/site-packages/django/template/defaulttags.py first seen with mtime 1786367760.626579
File /Users/souad/.local/share/uv/python/cpython-3.14.6-macos-aarch64-none/lib/python3.14/socket.py first seen with mtime 1785777595.6875415
File /Users/souad/Desktop/django/skeleton/.venv/lib/python3.14/site-packages/sqlparse/filters/tokens.py first seen with mtime 1786875964.845833
File /Users/souad/Desktop/django/skeleton/.venv/lib/python3.14/site-packages/django/db/migrations/operations/__init__.py first seen with mtime 1786367760.280874
File /Users/souad/Desktop/django/skeleton/.venv/lib/python3.14/site-packages/rest_framework/negotiation.py first seen with mtime 1786875964.874916
File /Users/souad/Desktop/django/skeleton/.venv/lib/python3.14/site-packages/rest_framework/versioning.py first seen with mtime 1786875964.9233596
File /Users/souad/Desktop/django/skeleton/.venv/lib/python3.14/site-packages/django/core/checks/translation.py first seen with mtime 1786367760.0383587
File /Users/souad/Desktop/django/skeleton/.venv/lib/python3.14/site-packages/django/db/models/sql/where.py first seen with mtime 1786367760.4968722
File /Users/souad/.local/share/uv/python/cpython-3.14.6-macos-aarch64-none/lib/python3.14/locale.py first seen with mtime 1785777595.2431874
File /Users/souad/.local/share/uv/python/cpython-3.14.6-macos-aarch64-none/lib/python3.14/compression/__init__.py first seen with mtime 1785777594.6978836
File /Users/souad/Desktop/django/skeleton/.venv/lib/python3.14/site-packages/django/core/files/storage/__init__.py first seen with mtime 1786367760.0719137
File /Users/souad/Desktop/django/skeleton/.venv/lib/python3.14/site-packages/django/middleware/cache.py first seen with mtime 1786367760.5913146
File /Users/souad/.local/share/uv/python/cpython-3.14.6-macos-aarch64-none/lib/python3.14/email/contentmanager.py first seen with mtime 1785777594.7342672
File /Users/souad/Desktop/django/skeleton/.venv/lib/python3.14/site-packages/django/db/models/functions/__init__.py first seen with mtime 1786367760.4884796
File /Users/souad/Desktop/django/skeleton/.venv/lib/python3.14/site-packages/rest_framework/utils/__init__.py first seen with mtime 1786875965.1125197
File /Users/souad/Desktop/django/skeleton/.venv/lib/python3.14/site-packages/django/core/files/__init__.py first seen with mtime 1786367760.0696294
File /Users/souad/Desktop/django/skeleton/.venv/lib/python3.14/site-packages/django/test/__init__.py first seen with mtime 1786367760.669064
File /Users/souad/Desktop/django/skeleton/.venv/lib/python3.14/site-packages/uritemplate/api.py first seen with mtime 1787953691.28355
File /Users/souad/Desktop/django/skeleton/.venv/lib/python3.14/site-packages/django/utils/inspect.py first seen with mtime 1786367760.780007
File /Users/souad/Desktop/django/skeleton/.venv/lib/python3.14/site-packages/django/contrib/sites/shortcuts.py first seen with mtime 1786367759.953141
File /Users/souad/.local/share/uv/python/cpython-3.14.6-macos-aarch64-none/lib/python3.14/queue.py first seen with mtime 1785777595.3215666
File /Users/souad/.local/share/uv/python/cpython-3.14.6-macos-aarch64-none/lib/python3.14/wsgiref/simple_server.py first seen with mtime 1785777595.7508795
File /Users/souad/Desktop/django/skeleton/.venv/lib/python3.14/site-packages/django/core/handlers/__init__.py first seen with mtime 1786367760.073972
File /Users/souad/Desktop/django/skeleton/.venv/lib/python3.14/site-packages/yaml/scanner.py first seen with mtime 1787953691.2851968
File /Users/souad/Desktop/django/skeleton/.venv/lib/python3.14/site-packages/django/core/checks/compatibility/__init__.py first seen with mtime 1786367760.038625
File /Users/souad/Desktop/django/skeleton/manage.py first seen with mtime 1787934894.63
File /Users/souad/Desktop/django/skeleton/.venv/lib/python3.14/site-packages/drf_spectacular/contrib/pydantic.py first seen with mtime 1787953691.4544444
File /Users/souad/Desktop/django/skeleton/.venv/lib/python3.14/site-packages/asgiref/local.py first seen with mtime 1786367754.2999256
File /Users/souad/Desktop/django/skeleton/.venv/lib/python3.14/site-packages/django/db/backends/base/client.py first seen with mtime 1786367760.1608462
File /Users/souad/Desktop/django/skeleton/.venv/lib/python3.14/site-packages/psycopg/types/array.py first seen with mtime 1786881053.0705981
File /Users/souad/Desktop/django/skeleton/.venv/lib/python3.14/site-packages/rest_framework/utils/representation.py first seen with mtime 1786875965.1143947
File /Users/souad/Desktop/django/skeleton/.venv/lib/python3.14/site-packages/django/core/checks/messages.py first seen with mtime 1786367760.0379303
File /Users/souad/Desktop/django/skeleton/.venv/lib/python3.14/site-packages/django/db/models/query_utils.py first seen with mtime 1786367760.3673887
File /Users/souad/Desktop/django/skeleton/.venv/lib/python3.14/site-packages/django/shortcuts.py first seen with mtime 1786367754.3628795
File /Users/souad/Desktop/django/skeleton/.venv/lib/python3.14/site-packages/psycopg/types/__init__.py first seen with mtime 1786881053.0704386
File /Users/souad/Desktop/django/skeleton/.venv/lib/python3.14/site-packages/yaml/tokens.py first seen with mtime 1787953691.4730723
File /Users/souad/.local/share/uv/python/cpython-3.14.6-macos-aarch64-none/lib/python3.14/email/encoders.py first seen with mtime 1785777594.7343745
File /Users/souad/Desktop/django/skeleton/.venv/lib/python3.14/site-packages/rest_framework/templatetags/rest_framework.py first seen with mtime 1786875965.1123343
File /Users/souad/Desktop/django/skeleton/.venv/lib/python3.14/site-packages/django/test/testcases.py first seen with mtime 1786367760.7133963
File /Users/souad/Desktop/django/skeleton/.venv/lib/python3.14/site-packages/psycopg/_conninfo_attempts_async.py first seen with mtime 1786881052.9412398
File /Users/souad/.local/share/uv/python/cpython-3.14.6-macos-aarch64-none/lib/python3.14/importlib/metadata/_adapters.py first seen with mtime 1785777595.236053
File /Users/souad/Desktop/django/skeleton/.venv/lib/python3.14/site-packages/django/utils/deconstruct.py first seen with mtime 1786367760.7268877
File /Users/souad/Desktop/django/skeleton/.venv/lib/python3.14/site-packages/django/contrib/auth/views.py first seen with mtime 1786367758.1611447
File /Users/souad/Desktop/django/skeleton/.venv/lib/python3.14/site-packages/django/forms/utils.py first seen with mtime 1786367760.510639
File /Users/souad/Desktop/django/skeleton/.venv/lib/python3.14/site-packages/django/contrib/auth/apps.py first seen with mtime 1786367758.0685172
File /Users/souad/Desktop/django/skeleton/.venv/lib/python3.14/site-packages/django/db/models/constraints.py first seen with mtime 1786367760.2846773
File /Users/souad/Desktop/django/skeleton/.venv/lib/python3.14/site-packages/django/contrib/admin/templatetags/__init__.py first seen with mtime 1786367757.348214
File /Users/souad/Desktop/django/skeleton/.venv/lib/python3.14/site-packages/django/templatetags/tz.py first seen with mtime 1786367760.6688209
File /Users/souad/.local/share/uv/python/cpython-3.14.6-macos-aarch64-none/lib/python3.14/pathlib/__init__.py first seen with mtime 1785777595.273685
File /Users/souad/Desktop/django/skeleton/.venv/lib/python3.14/site-packages/sqlparse/cli.py first seen with mtime 1786875964.787623
File /Users/souad/.local/share/uv/python/cpython-3.14.6-macos-aarch64-none/lib/python3.14/asyncio/subprocess.py first seen with mtime 1785777594.662507
File /Users/souad/Desktop/django/skeleton/.venv/lib/python3.14/site-packages/django/views/generic/detail.py first seen with mtime 1786367760.8076456
File /Users/souad/.local/share/uv/python/cpython-3.14.6-macos-aarch64-none/lib/python3.14/html/__init__.py first seen with mtime 1785777595.1883612
File /Users/souad/Desktop/django/skeleton/.venv/lib/python3.14/site-packages/django/db/models/functions/text.py first seen with mtime 1786367760.4895537
File /Users/souad/Desktop/django/skeleton/.venv/lib/python3.14/site-packages/django/contrib/auth/forms.py first seen with mtime 1786367758.1553285
File /Users/souad/.local/share/uv/python/cpython-3.14.6-macos-aarch64-none/lib/python3.14/zipfile/_path/glob.py first seen with mtime 1785777595.7686296
File /Users/souad/Desktop/django/skeleton/.venv/lib/python3.14/site-packages/django/core/signals.py first seen with mtime 1786367759.9897285
File /Users/souad/.local/share/uv/python/cpython-3.14.6-macos-aarch64-none/lib/python3.14/email/iterators.py first seen with mtime 1785777594.7353337
File /Users/souad/Desktop/django/skeleton/.venv/lib/python3.14/site-packages/django/views/static.py first seen with mtime 1786367760.8056228
File /Users/souad/Desktop/django/skeleton/.venv/lib/python3.14/site-packages/django/contrib/staticfiles/management/__init__.py first seen with mtime 1786367759.9881392
File /Users/souad/Desktop/django/skeleton/.venv/lib/python3.14/site-packages/rest_framework/relations.py first seen with mtime 1786875964.876415
File /Users/souad/Desktop/django/skeleton/.venv/lib/python3.14/site-packages/django/contrib/admin/checks.py first seen with mtime 1786367755.751076
File /Users/souad/Desktop/django/skeleton/.venv/lib/python3.14/site-packages/django/contrib/auth/hashers.py first seen with mtime 1786367758.1559713
File /Users/souad/Desktop/django/skeleton/.venv/lib/python3.14/site-packages/django/utils/connection.py first seen with mtime 1786367760.7258573
File /Users/souad/Desktop/django/skeleton/.venv/lib/python3.14/site-packages/django/core/files/storage/memory.py first seen with mtime 1786367760.0733266
File /Users/souad/Desktop/django/skeleton/.venv/lib/python3.14/site-packages/django/views/decorators/csrf.py first seen with mtime 1786367760.8064063
File /Users/souad/Desktop/django/skeleton/.venv/lib/python3.14/site-packages/sqlparse/tokens.py first seen with mtime 1786875964.7975035
File /Users/souad/Desktop/django/skeleton/.venv/lib/python3.14/site-packages/django/contrib/auth/management/__init__.py first seen with mtime 1786367758.7702181
File /Users/souad/Desktop/django/skeleton/.venv/lib/python3.14/site-packages/django/db/migrations/exceptions.py first seen with mtime 1786367760.27812
File /Users/souad/.local/share/uv/python/cpython-3.14.6-macos-aarch64-none/lib/python3.14/signal.py first seen with mtime 1785777595.3362818
File /Users/souad/Desktop/django/skeleton/.venv/lib/python3.14/site-packages/django/contrib/auth/models.py first seen with mtime 1786367758.1568403
File /Users/souad/.local/share/uv/python/cpython-3.14.6-macos-aarch64-none/lib/python3.14/urllib/__init__.py first seen with mtime 1785777595.7434804
File /Users/souad/Desktop/django/skeleton/.venv/lib/python3.14/site-packages/django/utils/lorem_ipsum.py first seen with mtime 1786367760.7815938
File /Users/souad/Desktop/django/skeleton/.venv/lib/python3.14/site-packages/django/core/serializers/json.py first seen with mtime 1786367760.0996628
File /Users/souad/Desktop/django/skeleton/.venv/lib/python3.14/site-packages/django/contrib/messages/__init__.py first seen with mtime 1786367759.5885632
File /Users/souad/.local/share/uv/python/cpython-3.14.6-macos-aarch64-none/lib/python3.14/asyncio/base_events.py first seen with mtime 1785777594.6574056
File /Users/souad/Desktop/django/skeleton/.venv/lib/python3.14/site-packages/django/contrib/admin/sites.py first seen with mtime 1786367755.774326
File /Users/souad/.local/share/uv/python/cpython-3.14.6-macos-aarch64-none/lib/python3.14/importlib/abc.py first seen with mtime 1785777595.2350552
File /Users/souad/.local/share/uv/python/cpython-3.14.6-macos-aarch64-none/lib/python3.14/asyncio/sslproto.py first seen with mtime 1785777594.6616566
File /Users/souad/Desktop/django/skeleton/.venv/lib/python3.14/site-packages/django/db/backends/base/__init__.py first seen with mtime 1786367760.160511
File /Users/souad/Desktop/django/skeleton/.venv/lib/python3.14/site-packages/rest_framework/exceptions.py first seen with mtime 1786875964.8521614
File /Users/souad/.local/share/uv/python/cpython-3.14.6-macos-aarch64-none/lib/python3.14/unittest/util.py first seen with mtime 1785777595.743271
File /Users/souad/Desktop/django/skeleton/.venv/lib/python3.14/site-packages/yaml/loader.py first seen with mtime 1787953691.473726
File /Users/souad/Desktop/django/skeleton/.venv/lib/python3.14/site-packages/django/utils/csp.py first seen with mtime 1786367760.7261977
File /Users/souad/Desktop/django/skeleton/.venv/lib/python3.14/site-packages/psycopg/_cursor_base.py first seen with mtime 1786881052.9880354
File /Users/souad/.local/share/uv/python/cpython-3.14.6-macos-aarch64-none/lib/python3.14/concurrent/__init__.py first seen with mtime 1785777594.7030156
File /Users/souad/Desktop/django/skeleton/.venv/lib/python3.14/site-packages/rest_framework/reverse.py first seen with mtime 1786875964.911149
File /Users/souad/.local/share/uv/python/cpython-3.14.6-macos-aarch64-none/lib/python3.14/asyncio/events.py first seen with mtime 1785777594.6587431
File /Users/souad/.local/share/uv/python/cpython-3.14.6-macos-aarch64-none/lib/python3.14/struct.py first seen with mtime 1785777595.7023458
File /Users/souad/Desktop/django/skeleton/.venv/lib/python3.14/site-packages/django/contrib/auth/tokens.py first seen with mtime 1786367758.1606948
File /Users/souad/Desktop/django/skeleton/.venv/lib/python3.14/site-packages/yaml/cyaml.py first seen with mtime 1787953691.4733245
File /Users/souad/Desktop/django/skeleton/.venv/lib/python3.14/site-packages/yaml/_yaml.cpython-314-darwin.so first seen with mtime 1787953691.4721322
File /Users/souad/Desktop/django/skeleton/.venv/lib/python3.14/site-packages/django/contrib/auth/__init__.py first seen with mtime 1786367758.068223
File /Users/souad/Desktop/django/skeleton/.venv/lib/python3.14/site-packages/rest_framework/status.py first seen with mtime 1786875964.918083
File /Users/souad/.local/share/uv/python/cpython-3.14.6-macos-aarch64-none/lib/python3.14/urllib/error.py first seen with mtime 1785777595.7436166
File /Users/souad/Desktop/django/skeleton/.venv/lib/python3.14/site-packages/psycopg/_preparing.py first seen with mtime 1786881052.9965274
File /Users/souad/.local/share/uv/python/cpython-3.14.6-macos-aarch64-none/lib/python3.14/unittest/loader.py first seen with mtime 1785777595.740269
File /Users/souad/Desktop/django/skeleton/.venv/lib/python3.14/site-packages/django/db/backends/base/introspection.py first seen with mtime 1786367760.1679544
File /Users/souad/Desktop/django/skeleton/.venv/lib/python3.14/site-packages/django/contrib/admin/actions.py first seen with mtime 1786367755.7507384
File /Users/souad/Desktop/django/skeleton/.venv/lib/python3.14/site-packages/drf_spectacular/contrib/rest_auth.py first seen with mtime 1787953691.4545949
File /Users/souad/.local/share/uv/python/cpython-3.14.6-macos-aarch64-none/lib/python3.14/functools.py first seen with mtime 1785777595.1819127
File /Users/souad/Desktop/django/skeleton/.venv/lib/python3.14/site-packages/django/core/serializers/python.py first seen with mtime 1786367760.0998821
File /Users/souad/.local/share/uv/python/cpython-3.14.6-macos-aarch64-none/lib/python3.14/numbers.py first seen with mtime 1785777595.26721
File /Users/souad/.local/share/uv/python/cpython-3.14.6-macos-aarch64-none/lib/python3.14/http/client.py first seen with mtime 1785777595.1936207
File /Users/souad/.local/share/uv/python/cpython-3.14.6-macos-aarch64-none/lib/python3.14/urllib/request.py first seen with mtime 1785777595.746449
File /Users/souad/Desktop/django/skeleton/.venv/lib/python3.14/site-packages/django/contrib/staticfiles/finders.py first seen with mtime 1786367759.9873865
File /Users/souad/Desktop/django/skeleton/.venv/lib/python3.14/site-packages/django/db/backends/postgresql/creation.py first seen with mtime 1786367760.1927133
File /Users/souad/Desktop/django/skeleton/.venv/lib/python3.14/site-packages/django/contrib/admin/templatetags/admin_list.py first seen with mtime 1786367757.3498244
File /Users/souad/Desktop/django/skeleton/.venv/lib/python3.14/site-packages/django/core/servers/basehttp.py first seen with mtime 1786367760.1004193
File /Users/souad/.local/share/uv/python/cpython-3.14.6-macos-aarch64-none/lib/python3.14/pkgutil.py first seen with mtime 1785777595.2863967
File /Users/souad/Desktop/django/skeleton/.venv/lib/python3.14/site-packages/django/template/loaders/app_directories.py first seen with mtime 1786367760.6489716
File /Users/souad/Desktop/django/skeleton/.venv/lib/python3.14/site-packages/psycopg/pq/__init__.py first seen with mtime 1786881053.0621378
File /Users/souad/Desktop/django/skeleton/.venv/lib/python3.14/site-packages/psycopg/adapt.py first seen with mtime 1786881053.0159242
File /Users/souad/.local/share/uv/python/cpython-3.14.6-macos-aarch64-none/lib/python3.14/string/__init__.py first seen with mtime 1785777595.7018929
File /Users/souad/Desktop/django/skeleton/.venv/lib/python3.14/site-packages/django/core/management/__init__.py first seen with mtime 1786367760.0790493
File /Users/souad/Desktop/django/skeleton/.venv/lib/python3.14/site-packages/django/db/backends/signals.py first seen with mtime 1786367760.1012182
File /Users/souad/Desktop/django/skeleton/.venv/lib/python3.14/site-packages/django/views/generic/edit.py first seen with mtime 1786367760.8077826
File /Users/souad/Desktop/django/skeleton/.venv/lib/python3.14/site-packages/django/db/migrations/__init__.py first seen with mtime 1786367760.2398603
File /Users/souad/.local/share/uv/python/cpython-3.14.6-macos-aarch64-none/lib/python3.14/zoneinfo/_tzpath.py first seen with mtime 1785777595.7693486
File /Users/souad/Desktop/django/skeleton/.venv/lib/python3.14/site-packages/drf_spectacular/contrib/rest_polymorphic.py first seen with mtime 1787953691.458043
File /Users/souad/.local/share/uv/python/cpython-3.14.6-macos-aarch64-none/lib/python3.14/re/__init__.py first seen with mtime 1785777595.3245752
File /Users/souad/Desktop/django/skeleton/.venv/lib/python3.14/site-packages/django/core/checks/compatibility/django_4_0.py first seen with mtime 1786367760.0686798
File /Users/souad/.local/share/uv/python/cpython-3.14.6-macos-aarch64-none/lib/python3.14/re/_casefix.py first seen with mtime 1785777595.324781
File /Users/souad/Desktop/django/skeleton/.venv/lib/python3.14/site-packages/django/template/smartif.py first seen with mtime 1786367760.6472025
File /Users/souad/Desktop/django/skeleton/.venv/lib/python3.14/site-packages/django/utils/duration.py first seen with mtime 1786367760.7322786
File /Users/souad/.local/share/uv/python/cpython-3.14.6-macos-aarch64-none/lib/python3.14/email/message.py first seen with mtime 1785777594.7358198
File /Users/souad/Desktop/django/skeleton/.venv/lib/python3.14/site-packages/django/db/backends/postgresql/client.py first seen with mtime 1786367760.192473
File /Users/souad/Desktop/django/skeleton/.venv/lib/python3.14/site-packages/django/db/models/utils.py first seen with mtime 1786367760.367907
File /Users/souad/Desktop/django/skeleton/.venv/lib/python3.14/site-packages/django/db/migrations/operations/fields.py first seen with mtime 1786367760.2828467
File /Users/souad/.local/share/uv/python/cpython-3.14.6-macos-aarch64-none/lib/python3.14/unittest/runner.py first seen with mtime 1785777595.742483
File /Users/souad/Desktop/django/skeleton/.venv/lib/python3.14/site-packages/django/core/checks/mail.py first seen with mtime 1786367760.037821
File /Users/souad/.local/share/uv/python/cpython-3.14.6-macos-aarch64-none/lib/python3.14/importlib/metadata/__init__.py first seen with mtime 1785777595.2359252
File /Users/souad/Desktop/django/skeleton/.venv/lib/python3.14/site-packages/django/template/backends/base.py first seen with mtime 1786367760.647916
File /Users/souad/Desktop/django/skeleton/.venv/lib/python3.14/site-packages/sqlparse/filters/right_margin.py first seen with mtime 1786875964.8454862
File /Users/souad/Desktop/django/skeleton/.venv/lib/python3.14/site-packages/django/contrib/postgres/fields/citext.py first seen with mtime 1786367759.5990698
File /Users/souad/.local/share/uv/python/cpython-3.14.6-macos-aarch64-none/lib/python3.14/weakref.py first seen with mtime 1785777595.7495766
File /Users/souad/Desktop/django/skeleton/.venv/lib/python3.14/site-packages/rest_framework/utils/json.py first seen with mtime 1786875965.1138303
File /Users/souad/Desktop/django/skeleton/.venv/lib/python3.14/site-packages/django/__init__.py first seen with mtime 1786367754.362478
File /Users/souad/Desktop/django/skeleton/.venv/lib/python3.14/site-packages/django/db/models/fields/files.py first seen with mtime 1786367760.3812485
File /Users/souad/Desktop/django/skeleton/.venv/lib/python3.14/site-packages/django/template/autoreload.py first seen with mtime 1786367760.6023111
File /Users/souad/.local/share/uv/python/cpython-3.14.6-macos-aarch64-none/lib/python3.14/gettext.py first seen with mtime 1785777595.1831489
File /Users/souad/Desktop/django/skeleton/.venv/lib/python3.14/site-packages/psycopg/version.py first seen with mtime 1786881053.0543728
File /Users/souad/Desktop/django/skeleton/.venv/lib/python3.14/site-packages/psycopg/_copy_async.py first seen with mtime 1786881052.9426963
File /Users/souad/Desktop/django/skeleton/.venv/lib/python3.14/site-packages/django/views/decorators/common.py first seen with mtime 1786367760.8061676
File /Users/souad/Desktop/django/skeleton/.venv/lib/python3.14/site-packages/django/template/loaders/base.py first seen with mtime 1786367760.6492083
File /Users/souad/.local/share/uv/python/cpython-3.14.6-macos-aarch64-none/lib/python3.14/encodings/__init__.py first seen with mtime 1785777594.7383435
File /Users/souad/Desktop/django/skeleton/.venv/lib/python3.14/site-packages/django/contrib/messages/constants.py first seen with mtime 1786367759.5888531
File /Users/souad/Desktop/django/skeleton/.venv/lib/python3.14/site-packages/django/core/files/base.py first seen with mtime 1786367760.0698202
File /Users/souad/.local/share/uv/python/cpython-3.14.6-macos-aarch64-none/lib/python3.14/fnmatch.py first seen with mtime 1785777595.1501358
File /Users/souad/Desktop/django/skeleton/.venv/lib/python3.14/site-packages/psycopg/_tstrings.py first seen with mtime 1786881053.0147128
File /Users/souad/.local/share/uv/python/cpython-3.14.6-macos-aarch64-none/lib/python3.14/concurrent/futures/thread.py first seen with mtime 1785777594.7061799
File /Users/souad/Desktop/django/skeleton/.venv/lib/python3.14/site-packages/yaml/resolver.py first seen with mtime 1787953691.47986
File /Users/souad/Desktop/django/skeleton/.venv/lib/python3.14/site-packages/django/contrib/auth/base_user.py first seen with mtime 1786367758.06901
File /Users/souad/Desktop/django/skeleton/.venv/lib/python3.14/site-packages/drf_spectacular/drainage.py first seen with mtime 1787953691.2843397
File /Users/souad/Desktop/django/skeleton/.venv/lib/python3.14/site-packages/drf_spectacular/openapi.py first seen with mtime 1787953691.2883325
File /Users/souad/Desktop/django/skeleton/.venv/lib/python3.14/site-packages/rest_framework/schemas/inspectors.py first seen with mtime 1786875964.9883616
File /Users/souad/Desktop/django/skeleton/.venv/lib/python3.14/site-packages/django/db/migrations/operations/models.py first seen with mtime 1786367760.2831888
File /Users/souad/.local/share/uv/python/cpython-3.14.6-macos-aarch64-none/lib/python3.14/hashlib.py first seen with mtime 1785777595.1855114
File /Users/souad/Desktop/django/skeleton/.venv/lib/python3.14/site-packages/psycopg/dbapi20.py first seen with mtime 1786881053.0213504
File /Users/souad/.local/share/uv/python/cpython-3.14.6-macos-aarch64-none/lib/python3.14/heapq.py first seen with mtime 1785777595.1875846
File /Users/souad/.local/share/uv/python/cpython-3.14.6-macos-aarch64-none/lib/python3.14/asyncio/transports.py first seen with mtime 1785777594.6646044
File /Users/souad/.local/share/uv/python/cpython-3.14.6-macos-aarch64-none/lib/python3.14/asyncio/threads.py first seen with mtime 1785777594.6633348
File /Users/souad/.local/share/uv/python/cpython-3.14.6-macos-aarch64-none/lib/python3.14/json/__init__.py first seen with mtime 1785777595.2402034
File /Users/souad/Desktop/django/skeleton/.venv/lib/python3.14/site-packages/django/template/response.py first seen with mtime 1786367760.6468568
File /Users/souad/Desktop/django/skeleton/.venv/lib/python3.14/site-packages/django/contrib/messages/storage/__init__.py first seen with mtime 1786367759.5933447
File /Users/souad/Desktop/django/skeleton/.venv/lib/python3.14/site-packages/django/core/checks/__init__.py first seen with mtime 1786367760.0372145
File /Users/souad/Desktop/django/skeleton/.venv/lib/python3.14/site-packages/environ/environ.py first seen with mtime 1787935397.7638144
File /Users/souad/Desktop/django/skeleton/.venv/lib/python3.14/site-packages/django/utils/translation/trans_real.py first seen with mtime 1786367760.7865899
File /Users/souad/Desktop/django/skeleton/.venv/lib/python3.14/site-packages/yaml/composer.py first seen with mtime 1787953691.2875106
File /Users/souad/Desktop/django/skeleton/.venv/lib/python3.14/site-packages/sqlparse/utils.py first seen with mtime 1786875964.798043
File /Users/souad/Desktop/django/skeleton/.venv/lib/python3.14/site-packages/django/db/backends/base/creation.py first seen with mtime 1786367760.161019
File /Users/souad/Desktop/django/skeleton/.venv/lib/python3.14/site-packages/django/contrib/postgres/fields/hstore.py first seen with mtime 1786367759.599196
File /Users/souad/Desktop/django/skeleton/.venv/lib/python3.14/site-packages/django/contrib/admin/__init__.py first seen with mtime 1786367755.7506182
File /Users/souad/.local/share/uv/python/cpython-3.14.6-macos-aarch64-none/lib/python3.14/unittest/signals.py first seen with mtime 1785777595.742606
File /Users/souad/.local/share/uv/python/cpython-3.14.6-macos-aarch64-none/lib/python3.14/contextlib.py first seen with mtime 1785777594.7224438
File /Users/souad/Desktop/django/skeleton/.venv/lib/python3.14/site-packages/django/db/migrations/migration.py first seen with mtime 1786367760.2788987
File /Users/souad/Desktop/django/skeleton/.venv/lib/python3.14/site-packages/django/contrib/staticfiles/views.py first seen with mtime 1786367759.9880364
File /Users/souad/Desktop/django/skeleton/.venv/lib/python3.14/site-packages/django/db/models/enums.py first seen with mtime 1786367760.2849274
File /Users/souad/Desktop/django/skeleton/.venv/lib/python3.14/site-packages/django/db/models/base.py first seen with mtime 1786367760.2844129
File /Users/souad/Desktop/django/skeleton/.venv/lib/python3.14/site-packages/yaml/events.py first seen with mtime 1787953691.4724793
File /Users/souad/.local/share/uv/python/cpython-3.14.6-macos-aarch64-none/lib/python3.14/importlib/metadata/_collections.py first seen with mtime 1785777595.2361827
File /Users/souad/Desktop/django/skeleton/.venv/lib/python3.14/site-packages/django/contrib/__init__.py first seen with mtime 1786367755.7504172
File /Users/souad/.local/share/uv/python/cpython-3.14.6-macos-aarch64-none/lib/python3.14/operator.py first seen with mtime 1785777595.2675042
File /Users/souad/.local/share/uv/python/cpython-3.14.6-macos-aarch64-none/lib/python3.14/asyncio/tasks.py first seen with mtime 1785777594.6631525
File /Users/souad/Desktop/django/skeleton/.venv/lib/python3.14/site-packages/psycopg/types/json.py first seen with mtime 1786881053.0717604
File /Users/souad/.local/share/uv/python/cpython-3.14.6-macos-aarch64-none/lib/python3.14/ctypes/macholib/__init__.py first seen with mtime 1785777594.7258058
File /Users/souad/Desktop/django/skeleton/.venv/lib/python3.14/site-packages/django/contrib/admin/options.py first seen with mtime 1786367755.774078
File /Users/souad/Desktop/django/skeleton/.venv/lib/python3.14/site-packages/django/template/engine.py first seen with mtime 1786367760.626737
File /Users/souad/Desktop/django/skeleton/.venv/lib/python3.14/site-packages/django/core/files/move.py first seen with mtime 1786367760.0702512
File /Users/souad/Desktop/django/skeleton/.venv/lib/python3.14/site-packages/drf_spectacular/types.py first seen with mtime 1787953691.3772583
File /Users/souad/Desktop/django/skeleton/.venv/lib/python3.14/site-packages/django/template/loaders/filesystem.py first seen with mtime 1786367760.6494958
File /Users/souad/Desktop/django/skeleton/.venv/lib/python3.14/site-packages/django/db/models/fields/reverse_related.py first seen with mtime 1786367760.4876745
File /Users/souad/Desktop/django/skeleton/.venv/lib/python3.14/site-packages/asgiref/current_thread_executor.py first seen with mtime 1786367754.2997122
File /Users/souad/.local/share/uv/python/cpython-3.14.6-macos-aarch64-none/lib/python3.14/concurrent/futures/_base.py first seen with mtime 1785777594.7035112
File /Users/souad/Desktop/django/skeleton/.venv/lib/python3.14/site-packages/django/core/management/commands/runserver.py first seen with mtime 1786367760.096351
File /Users/souad/.local/share/uv/python/cpython-3.14.6-macos-aarch64-none/lib/python3.14/email/generator.py first seen with mtime 1785777594.7348545
File /Users/souad/.local/share/uv/python/cpython-3.14.6-macos-aarch64-none/lib/python3.14/asyncio/queues.py first seen with mtime 1785777594.6605163
File /Users/souad/Desktop/django/skeleton/.venv/lib/python3.14/site-packages/django/db/models/deletion.py first seen with mtime 1786367760.284826
File /Users/souad/Desktop/django/skeleton/.venv/lib/python3.14/site-packages/rest_framework/fields.py first seen with mtime 1786875964.8729315
File /Users/souad/Desktop/django/skeleton/.venv/lib/python3.14/site-packages/django/db/backends/base/operations.py first seen with mtime 1786367760.1681516
File /Users/souad/Desktop/django/skeleton/.venv/lib/python3.14/site-packages/psycopg/_conninfo_utils.py first seen with mtime 1786881052.941683
File /Users/souad/.local/share/uv/python/cpython-3.14.6-macos-aarch64-none/lib/python3.14/reprlib.py first seen with mtime 1785777595.3260386
File /Users/souad/.local/share/uv/python/cpython-3.14.6-macos-aarch64-none/lib/python3.14/xml/dom/minidom.py first seen with mtime 1785777595.753924
File /Users/souad/Desktop/django/skeleton/config/settings/base.py first seen with mtime 1788013583.64
File /Users/souad/Desktop/django/skeleton/.venv/lib/python3.14/site-packages/django/core/__init__.py first seen with mtime 1786367759.9892335
File /Users/souad/.local/share/uv/python/cpython-3.14.6-macos-aarch64-none/lib/python3.14/unittest/result.py first seen with mtime 1785777595.7423053
File /Users/souad/.local/share/uv/python/cpython-3.14.6-macos-aarch64-none/lib/python3.14/asyncio/format_helpers.py first seen with mtime 1785777594.6589937
File /Users/souad/Desktop/django/skeleton/.venv/lib/python3.14/site-packages/django/contrib/auth/backends.py first seen with mtime 1786367758.0688443
File /Users/souad/Desktop/django/skeleton/.venv/lib/python3.14/site-packages/rest_framework/parsers.py first seen with mtime 1786875964.875752
File /Users/souad/Desktop/django/skeleton/.venv/lib/python3.14/site-packages/django/contrib/postgres/fields/__init__.py first seen with mtime 1786367759.5984657
File /Users/souad/Desktop/django/skeleton/.venv/lib/python3.14/site-packages/django/contrib/contenttypes/management/__init__.py first seen with mtime 1786367758.888179
File /Users/souad/.local/share/uv/python/cpython-3.14.6-macos-aarch64-none/lib/python3.14/compression/_common/_streams.py first seen with mtime 1785777594.7015498
File /Users/souad/Desktop/django/skeleton/.venv/lib/python3.14/site-packages/django/contrib/sessions/base_session.py first seen with mtime 1786367759.828446
File /Users/souad/Desktop/django/skeleton/.venv/lib/python3.14/site-packages/django/contrib/auth/signals.py first seen with mtime 1786367758.1604896
File /Users/souad/Desktop/django/skeleton/.venv/lib/python3.14/site-packages/django/contrib/postgres/__init__.py first seen with mtime 1786367759.5939407
File /Users/souad/Desktop/django/skeleton/.venv/lib/python3.14/site-packages/django/views/decorators/cache.py first seen with mtime 1786367760.8059118
File /Users/souad/Desktop/django/skeleton/.venv/lib/python3.14/site-packages/django/core/wsgi.py first seen with mtime 1786367760.0248485
File /Users/souad/Desktop/django/skeleton/.venv/lib/python3.14/site-packages/drf_spectacular/plumbing.py first seen with mtime 1787953691.3641167
File /Users/souad/.local/share/uv/python/cpython-3.14.6-macos-aarch64-none/lib/python3.14/encodings/aliases.py first seen with mtime 1785777594.7391622
File /Users/souad/Desktop/django/skeleton/.venv/lib/python3.14/site-packages/rest_framework/utils/timezone.py first seen with mtime 1786875965.1147723
File /Users/souad/Desktop/django/skeleton/.venv/lib/python3.14/site-packages/rest_framework/utils/humanize_datetime.py first seen with mtime 1786875965.1136618
File /Users/souad/.local/share/uv/python/cpython-3.14.6-macos-aarch64-none/lib/python3.14/asyncio/exceptions.py first seen with mtime 1785777594.6588707
File /Users/souad/.local/share/uv/python/cpython-3.14.6-macos-aarch64-none/lib/python3.14/zipfile/_path/__init__.py first seen with mtime 1785777595.7685
File /Users/souad/Desktop/django/skeleton/.venv/lib/python3.14/site-packages/django/template/context.py first seen with mtime 1786367760.6117582
File /Users/souad/Desktop/django/skeleton/.venv/lib/python3.14/site-packages/drf_spectacular/contrib/knox_auth_token.py first seen with mtime 1787953691.4543135
File /Users/souad/Desktop/django/skeleton/.venv/lib/python3.14/site-packages/psycopg/pq/misc.py first seen with mtime 1786881053.0700364
File /Users/souad/Desktop/django/skeleton/.venv/lib/python3.14/site-packages/django/contrib/postgres/forms/ranges.py first seen with mtime 1786367759.6093543
File /Users/souad/.local/share/uv/python/cpython-3.14.6-macos-aarch64-none/lib/python3.14/string/templatelib.py first seen with mtime 1785777595.7020319
File /Users/souad/Desktop/django/skeleton/.venv/lib/python3.14/site-packages/django/contrib/auth/decorators.py first seen with mtime 1786367758.1415834
File /Users/souad/Desktop/django/skeleton/.venv/lib/python3.14/site-packages/django/contrib/staticfiles/management/commands/__init__.py first seen with mtime 1786367759.988255
File /Users/souad/Desktop/django/skeleton/.venv/lib/python3.14/site-packages/django/contrib/auth/templatetags/auth.py first seen with mtime 1786367758.7739272
File /Users/souad/Desktop/django/skeleton/.venv/lib/python3.14/site-packages/drf_spectacular/generators.py first seen with mtime 1787953691.2847428
File /Users/souad/Desktop/django/skeleton/.venv/lib/python3.14/site-packages/django/db/models/fields/__init__.py first seen with mtime 1786367760.376591
File /Users/souad/.local/share/uv/python/cpython-3.14.6-macos-aarch64-none/lib/python3.14/html/parser.py first seen with mtime 1785777595.189827
File /Users/souad/.local/share/uv/python/cpython-3.14.6-macos-aarch64-none/lib/python3.14/random.py first seen with mtime 1785777595.3232183
File /Users/souad/Desktop/django/skeleton/.venv/lib/python3.14/site-packages/django/views/decorators/csp.py first seen with mtime 1786367760.8062897
File /Users/souad/Desktop/django/skeleton/.venv/lib/python3.14/site-packages/django/core/cache/__init__.py first seen with mtime 1786367760.0250132
File /Users/souad/Desktop/django/skeleton/.venv/lib/python3.14/site-packages/django/db/models/__init__.py first seen with mtime 1786367760.2836747
File /Users/souad/Desktop/django/skeleton/.venv/lib/python3.14/site-packages/django/db/models/functions/json.py first seen with mtime 1786367760.4890914
File /Users/souad/Desktop/django/skeleton/.venv/lib/python3.14/site-packages/uritemplate/orderedset.py first seen with mtime 1787953691.2837105
File /Users/souad/.local/share/uv/python/cpython-3.14.6-macos-aarch64-none/lib/python3.14/ctypes/_layout.py first seen with mtime 1785777594.725391
File /Users/souad/Desktop/django/skeleton/.venv/lib/python3.14/site-packages/rest_framework/__init__.py first seen with mtime 1786875964.8500004
File /Users/souad/Desktop/django/skeleton/.venv/lib/python3.14/site-packages/psycopg/types/range.py first seen with mtime 1786881053.0727491
File /Users/souad/.local/share/uv/python/cpython-3.14.6-macos-aarch64-none/lib/python3.14/_compat_pickle.py first seen with mtime 1785777594.5788596
File /Users/souad/.local/share/uv/python/cpython-3.14.6-macos-aarch64-none/lib/python3.14/secrets.py first seen with mtime 1785777595.3268905
File /Users/souad/.local/share/uv/python/cpython-3.14.6-macos-aarch64-none/lib/python3.14/base64.py first seen with mtime 1785777594.6660724
File /Users/souad/.local/share/uv/python/cpython-3.14.6-macos-aarch64-none/lib/python3.14/email/mime/__init__.py first seen with mtime 1785777594.7360141
File /Users/souad/Desktop/django/skeleton/.venv/lib/python3.14/site-packages/django/utils/timezone.py first seen with mtime 1786367760.7831497
File /Users/souad/Desktop/django/skeleton/.venv/lib/python3.14/site-packages/django/utils/hashable.py first seen with mtime 1786367760.7330477
File /Users/souad/Desktop/django/skeleton/.venv/lib/python3.14/site-packages/django/views/decorators/__init__.py first seen with mtime 1786367760.8057685
File /Users/souad/Desktop/django/skeleton/.venv/lib/python3.14/site-packages/django/db/models/sql/compiler.py first seen with mtime 1786367760.491387
File /Users/souad/Desktop/django/skeleton/.venv/lib/python3.14/site-packages/django/core/mail/__init__.py first seen with mtime 1786367760.0772913
File /Users/souad/Desktop/django/skeleton/.venv/lib/python3.14/site-packages/django/http/__init__.py first seen with mtime 1786367760.575204
File /Users/souad/Desktop/django/skeleton/.venv/lib/python3.14/site-packages/drf_spectacular/contrib/rest_framework_dataclasses.py first seen with mtime 1787953691.454875
File /Users/souad/Desktop/django/skeleton/.venv/lib/python3.14/site-packages/django/contrib/postgres/validators.py first seen with mtime 1786367759.597702
File /Users/souad/Desktop/django/skeleton/.venv/lib/python3.14/site-packages/drf_spectacular/contrib/django_allauth.py first seen with mtime 1787953691.4534357
File /Users/souad/Desktop/django/skeleton/.venv/lib/python3.14/site-packages/psycopg/_pipeline_base.py first seen with mtime 1786881052.9963515
File /Users/souad/Desktop/django/skeleton/.venv/lib/python3.14/site-packages/psycopg/sql.py first seen with mtime 1786881053.0539992
File /Users/souad/.local/share/uv/python/cpython-3.14.6-macos-aarch64-none/lib/python3.14/xml/dom/domreg.py first seen with mtime 1785777595.7525804
File /Users/souad/Desktop/django/skeleton/.venv/lib/python3.14/site-packages/django/contrib/staticfiles/__init__.py first seen with mtime 1786367759.9870312
File /Users/souad/Desktop/django/skeleton/.venv/lib/python3.14/site-packages/yaml/emitter.py first seen with mtime 1787953691.480534
File /Users/souad/.local/share/uv/python/cpython-3.14.6-macos-aarch64-none/lib/python3.14/email/_policybase.py first seen with mtime 1785777594.7336345
File /Users/souad/Desktop/django/skeleton/.venv/lib/python3.14/site-packages/django/middleware/security.py first seen with mtime 1786367760.5981483
File /Users/souad/.local/share/uv/python/cpython-3.14.6-macos-aarch64-none/lib/python3.14/ctypes/macholib/framework.py first seen with mtime 1785777594.7265663
File /Users/souad/Desktop/django/skeleton/.venv/lib/python3.14/site-packages/psycopg/copy.py first seen with mtime 1786881053.020792
File /Users/souad/.local/share/uv/python/cpython-3.14.6-macos-aarch64-none/lib/python3.14/unittest/suite.py first seen with mtime 1785777595.7427561
File /Users/souad/.local/share/uv/python/cpython-3.14.6-macos-aarch64-none/lib/python3.14/pickle.py first seen with mtime 1785777595.2847154
File /Users/souad/Desktop/django/skeleton/.venv/lib/python3.14/site-packages/django/conf/locale/__init__.py first seen with mtime 1786367754.4016657
File /Users/souad/.local/share/uv/python/cpython-3.14.6-macos-aarch64-none/lib/python3.14/importlib/metadata/_itertools.py first seen with mtime 1785777595.2364419
File /Users/souad/.local/share/uv/python/cpython-3.14.6-macos-aarch64-none/lib/python3.14/email/charset.py first seen with mtime 1785777594.734082
File /Users/souad/Desktop/django/skeleton/.venv/lib/python3.14/site-packages/rest_framework/validators.py first seen with mtime 1786875964.922863
File /Users/souad/Desktop/django/skeleton/.venv/lib/python3.14/site-packages/django/db/models/constants.py first seen with mtime 1786367760.2845232
File /Users/souad/.local/share/uv/python/cpython-3.14.6-macos-aarch64-none/lib/python3.14/json/encoder.py first seen with mtime 1785777595.2405968
File /Users/souad/Desktop/django/skeleton/.venv/lib/python3.14/site-packages/django/utils/safestring.py first seen with mtime 1786367760.7823193
File /Users/souad/Desktop/django/skeleton/.venv/lib/python3.14/site-packages/rest_framework/response.py first seen with mtime 1786875964.9108622
File /Users/souad/Desktop/django/skeleton/.venv/lib/python3.14/site-packages/sqlparse/engine/__init__.py first seen with mtime 1786875964.798787
File /Users/souad/.local/share/uv/python/cpython-3.14.6-macos-aarch64-none/lib/python3.14/_sysconfigdata__darwin_darwin.py first seen with mtime 1785777595.9412901
File /Users/souad/.local/share/uv/python/cpython-3.14.6-macos-aarch64-none/lib/python3.14/email/base64mime.py first seen with mtime 1785777594.7339199
File /Users/souad/.local/share/uv/python/cpython-3.14.6-macos-aarch64-none/lib/python3.14/email/mime/text.py first seen with mtime 1785777594.7369866
File /Users/souad/Desktop/django/skeleton/.venv/lib/python3.14/site-packages/psycopg/cursor_async.py first seen with mtime 1786881053.0212238
File /Users/souad/Desktop/django/skeleton/.venv/lib/python3.14/site-packages/django/contrib/messages/utils.py first seen with mtime 1786367759.5930536
File /Users/souad/Desktop/django/skeleton/.venv/lib/python3.14/site-packages/drf_spectacular/contrib/django_filters.py first seen with mtime 1787953691.4537084
File /Users/souad/.local/share/uv/python/cpython-3.14.6-macos-aarch64-none/lib/python3.14/html/entities.py first seen with mtime 1785777595.1891234
File /Users/souad/Desktop/django/skeleton/.venv/lib/python3.14/site-packages/django/contrib/staticfiles/checks.py first seen with mtime 1786367759.9872186
File /Users/souad/Desktop/django/skeleton/.venv/lib/python3.14/site-packages/psycopg/types/numpy.py first seen with mtime 1786881053.0725882
File /Users/souad/.local/share/uv/python/cpython-3.14.6-macos-aarch64-none/lib/python3.14/argparse.py first seen with mtime 1785777594.6530309
File /Users/souad/Desktop/django/skeleton/.venv/lib/python3.14/site-packages/django/contrib/sessions/models.py first seen with mtime 1786367759.8288224
File /Users/souad/Desktop/django/skeleton/.venv/lib/python3.14/site-packages/django/urls/__init__.py first seen with mtime 1786367760.7139535
File /Users/souad/Desktop/django/skeleton/.venv/lib/python3.14/site-packages/django/utils/functional.py first seen with mtime 1786367760.7329504
File /Users/souad/Desktop/django/skeleton/.venv/lib/python3.14/site-packages/django/core/checks/registry.py first seen with mtime 1786367760.0381746
File /Users/souad/Desktop/django/skeleton/.venv/lib/python3.14/site-packages/django/db/models/fields/related.py first seen with mtime 1786367760.3831005
File /Users/souad/Desktop/django/skeleton/.venv/lib/python3.14/site-packages/django/utils/datastructures.py first seen with mtime 1786367760.726359
File /Users/souad/Desktop/django/skeleton/.venv/lib/python3.14/site-packages/django/forms/forms.py first seen with mtime 1786367760.4979844
File /Users/souad/Desktop/django/skeleton/apps/users/apps.py first seen with mtime 1788013731.039
File /Users/souad/Desktop/django/skeleton/.venv/lib/python3.14/site-packages/psycopg/_conninfo_attempts.py first seen with mtime 1786881052.940692
File /Users/souad/Desktop/django/skeleton/.venv/lib/python3.14/site-packages/django/contrib/sessions/middleware.py first seen with mtime 1786367759.828742
File /Users/souad/Desktop/django/skeleton/.venv/lib/python3.14/site-packages/django/contrib/admin/templatetags/base.py first seen with mtime 1786367757.3502617
File /Users/souad/Desktop/django/skeleton/.venv/lib/python3.14/site-packages/django/urls/converters.py first seen with mtime 1786367760.7195983
File /Users/souad/.local/share/uv/python/cpython-3.14.6-macos-aarch64-none/lib/python3.14/email/_encoded_words.py first seen with mtime 1785777594.732621
File /Users/souad/Desktop/django/skeleton/.venv/lib/python3.14/site-packages/rest_framework/utils/urls.py first seen with mtime 1786875965.1149642
File /Users/souad/Desktop/django/skeleton/.venv/lib/python3.14/site-packages/yaml/error.py first seen with mtime 1787953691.2854524
File /Users/souad/Desktop/django/skeleton/.venv/lib/python3.14/site-packages/psycopg/pq/abc.py first seen with mtime 1786881053.0630462
File /Users/souad/Desktop/django/skeleton/.venv/lib/python3.14/site-packages/django/core/handlers/wsgi.py first seen with mtime 1786367760.0765038
File /Users/souad/.local/share/uv/python/cpython-3.14.6-macos-aarch64-none/lib/python3.14/_markupbase.py first seen with mtime 1785777594.5793395
File /Users/souad/.local/share/uv/python/cpython-3.14.6-macos-aarch64-none/lib/python3.14/ipaddress.py first seen with mtime 1785777595.239923
File /Users/souad/Desktop/django/skeleton/.venv/lib/python3.14/site-packages/django/middleware/__init__.py first seen with mtime 1786367760.5911427
(0.004) 
            SELECT
                c.relname,
                CASE
                    WHEN c.relispartition THEN 'p'
                    WHEN c.relkind IN ('m', 'v') THEN 'v'
                    ELSE 't'
                END,
                obj_description(c.oid, 'pg_class')
            FROM pg_catalog.pg_class c
            LEFT JOIN pg_catalog.pg_namespace n ON n.oid = c.relnamespace
            WHERE c.relkind IN ('f', 'm', 'p', 'r', 'v')
                AND n.nspname NOT IN ('pg_catalog', 'pg_toast')
                AND pg_catalog.pg_table_is_visible(c.oid)
        ; args=None; alias=default
File /Users/souad/.local/share/uv/python/cpython-3.14.6-macos-aarch64-none/lib/python3.14/urllib/response.py first seen with mtime 1785777595.746681
File /Users/souad/.local/share/uv/python/cpython-3.14.6-macos-aarch64-none/lib/python3.14/asyncio/timeouts.py first seen with mtime 1785777594.6635067
File /Users/souad/Desktop/django/skeleton/.venv/lib/python3.14/site-packages/django/contrib/contenttypes/fields.py first seen with mtime 1786367758.7747571
File /Users/souad/Desktop/django/skeleton/.venv/lib/python3.14/site-packages/django/utils/regex_helper.py first seen with mtime 1786367760.7821925
File /Users/souad/Desktop/django/skeleton/.venv/lib/python3.14/site-packages/psycopg/_cmodule.py first seen with mtime 1786881052.936003
File /Users/souad/Desktop/django/skeleton/.venv/lib/python3.14/site-packages/django/core/paginator.py first seen with mtime 1786367759.9896326
File /Users/souad/Desktop/django/skeleton/.venv/lib/python3.14/site-packages/django/contrib/postgres/forms/hstore.py first seen with mtime 1786367759.609242
File /Users/souad/.local/share/uv/python/cpython-3.14.6-macos-aarch64-none/lib/python3.14/_colorize.py first seen with mtime 1785777594.5783975
File /Users/souad/.local/share/uv/python/cpython-3.14.6-macos-aarch64-none/lib/python3.14/concurrent/futures/__init__.py first seen with mtime 1785777594.7033017
File /Users/souad/.local/share/uv/python/cpython-3.14.6-macos-aarch64-none/lib/python3.14/urllib/parse.py first seen with mtime 1785777595.7438781
File /Users/souad/Desktop/django/skeleton/.venv/lib/python3.14/site-packages/django/contrib/admin/utils.py first seen with mtime 1786367755.7792645
File /Users/souad/Desktop/django/skeleton/.venv/lib/python3.14/site-packages/django/contrib/admin/views/__init__.py first seen with mtime 1786367757.3505085
File /Users/souad/Desktop/django/skeleton/.venv/lib/python3.14/site-packages/django/contrib/sessions/backends/__init__.py first seen with mtime 1786367759.8290029
File /Users/souad/.local/share/uv/python/cpython-3.14.6-macos-aarch64-none/lib/python3.14/email/header.py first seen with mtime 1785777594.7350292
File /Users/souad/.local/share/uv/python/cpython-3.14.6-macos-aarch64-none/lib/python3.14/graphlib.py first seen with mtime 1785777595.1847606
File /Users/souad/Desktop/django/skeleton/.venv/lib/python3.14/site-packages/django/views/__init__.py first seen with mtime 1786367760.786785
File /Users/souad/Desktop/django/skeleton/.venv/lib/python3.14/site-packages/django/contrib/admin/widgets.py first seen with mtime 1786367755.7794936
File /Users/souad/Desktop/django/skeleton/.venv/lib/python3.14/site-packages/drf_spectacular/contrib/rest_framework.py first seen with mtime 1787953691.4547348
File /Users/souad/Desktop/django/skeleton/.venv/lib/python3.14/site-packages/django/contrib/admin/decorators.py first seen with mtime 1786367755.751219
File /Users/souad/Desktop/django/skeleton/.venv/lib/python3.14/site-packages/django/contrib/postgres/fields/jsonb.py first seen with mtime 1786367759.5993035
File /Users/souad/Desktop/django/skeleton/.venv/lib/python3.14/site-packages/django/core/mail/message.py first seen with mtime 1786367760.0779316
File /Users/souad/Desktop/django/skeleton/.venv/lib/python3.14/site-packages/psycopg/connection_async.py first seen with mtime 1786881053.0205228
File /Users/souad/Desktop/django/skeleton/.venv/lib/python3.14/site-packages/sqlparse/sql.py first seen with mtime 1786875964.7958903
File /Users/souad/.local/share/uv/python/cpython-3.14.6-macos-aarch64-none/lib/python3.14/wsgiref/util.py first seen with mtime 1785777595.7511346
File /Users/souad/Desktop/django/skeleton/.venv/lib/python3.14/site-packages/psycopg/_compat.py first seen with mtime 1786881052.9367805
File /Users/souad/Desktop/django/skeleton/.venv/lib/python3.14/site-packages/rest_framework/test.py first seen with mtime 1786875964.9187486
File /Users/souad/.local/share/uv/python/cpython-3.14.6-macos-aarch64-none/lib/python3.14/socketserver.py first seen with mtime 1785777595.6877875
File /Users/souad/Desktop/django/skeleton/.venv/lib/python3.14/site-packages/django/db/models/sql/subqueries.py first seen with mtime 1786367760.4966192
File /Users/souad/.local/share/uv/python/cpython-3.14.6-macos-aarch64-none/lib/python3.14/selectors.py first seen with mtime 1785777595.3339007
File /Users/souad/.local/share/uv/python/cpython-3.14.6-macos-aarch64-none/lib/python3.14/email/headerregistry.py first seen with mtime 1785777594.7351944
File /Users/souad/Desktop/django/skeleton/.venv/lib/python3.14/site-packages/django/contrib/sites/requests.py first seen with mtime 1786367759.9530518
File /Users/souad/Desktop/django/skeleton/.venv/lib/python3.14/site-packages/django/utils/log.py first seen with mtime 1786367760.7813663
File /Users/souad/Desktop/django/skeleton/.venv/lib/python3.14/site-packages/django/templatetags/l10n.py first seen with mtime 1786367760.6681888
File /Users/souad/Desktop/django/skeleton/.venv/lib/python3.14/site-packages/yaml/constructor.py first seen with mtime 1787953691.2871213
File /Users/souad/Desktop/django/skeleton/.venv/lib/python3.14/site-packages/rest_framework/serializers.py first seen with mtime 1786875964.9154184
File /Users/souad/.local/share/uv/python/cpython-3.14.6-macos-aarch64-none/lib/python3.14/linecache.py first seen with mtime 1785777595.2424037
File /Users/souad/Desktop/django/skeleton/.venv/lib/python3.14/site-packages/django/core/management/sql.py first seen with mtime 1786367760.0807896
File /Users/souad/.local/share/uv/python/cpython-3.14.6-macos-aarch64-none/lib/python3.14/ctypes/util.py first seen with mtime 1785777594.7274148
File /Users/souad/Desktop/django/skeleton/.venv/lib/python3.14/site-packages/django/core/files/utils.py first seen with mtime 1786367760.0712497
File /Users/souad/.local/share/uv/python/cpython-3.14.6-macos-aarch64-none/lib/python3.14/importlib/__init__.py first seen with mtime 1785777595.2337744
File /Users/souad/Desktop/django/skeleton/.venv/lib/python3.14/site-packages/django/db/migrations/operations/special.py first seen with mtime 1786367760.283428
File /Users/souad/Desktop/django/skeleton/.venv/lib/python3.14/site-packages/yaml/nodes.py first seen with mtime 1787953691.4803584
File /Users/souad/Desktop/django/skeleton/.venv/lib/python3.14/site-packages/django/dispatch/__init__.py first seen with mtime 1786367760.4970381
File /Users/souad/Desktop/django/skeleton/.venv/lib/python3.14/site-packages/django/utils/deprecation.py first seen with mtime 1786367760.7321348
File /Users/souad/Desktop/django/skeleton/.venv/lib/python3.14/site-packages/django/core/checks/model_checks.py first seen with mtime 1786367760.038072
File /Users/souad/Desktop/django/skeleton/.venv/lib/python3.14/site-packages/django/core/mail/deprecation.py first seen with mtime 1786367760.0774493
File /Users/souad/Desktop/django/skeleton/.venv/lib/python3.14/site-packages/django/db/models/fields/mixins.py first seen with mtime 1786367760.3825557
File /Users/souad/.local/share/uv/python/cpython-3.14.6-macos-aarch64-none/lib/python3.14/difflib.py first seen with mtime 1785777594.7312734
File /Users/souad/Desktop/django/skeleton/.venv/lib/python3.14/site-packages/django/contrib/admin/exceptions.py first seen with mtime 1786367755.751345
File /Users/souad/Desktop/django/skeleton/.venv/lib/python3.14/site-packages/django/contrib/staticfiles/utils.py first seen with mtime 1786367759.9879255
File /Users/souad/.local/share/uv/python/cpython-3.14.6-macos-aarch64-none/lib/python3.14/asyncio/base_tasks.py first seen with mtime 1785777594.657997
File /Users/souad/Desktop/django/skeleton/.venv/lib/python3.14/site-packages/django/utils/dateparse.py first seen with mtime 1786367760.7266831
File /Users/souad/.local/share/uv/python/cpython-3.14.6-macos-aarch64-none/lib/python3.14/asyncio/protocols.py first seen with mtime 1785777594.660331
File /Users/souad/Desktop/django/skeleton/.venv/lib/python3.14/site-packages/psycopg/_column.py first seen with mtime 1786881052.9364154
File /Users/souad/Desktop/django/skeleton/.venv/lib/python3.14/site-packages/django/db/models/lookups.py first seen with mtime 1786367760.2907836
File /Users/souad/Desktop/django/skeleton/.venv/lib/python3.14/site-packages/django/utils/decorators.py first seen with mtime 1786367760.7270222
File /Users/souad/Desktop/django/skeleton/.venv/lib/python3.14/site-packages/psycopg/connection.py first seen with mtime 1786881053.0202222
File /Users/souad/.local/share/uv/python/cpython-3.14.6-macos-aarch64-none/lib/python3.14/re/_constants.py first seen with mtime 1785777595.3252044
File /Users/souad/Desktop/django/skeleton/.venv/lib/python3.14/site-packages/drf_spectacular/contrib/rest_framework_recursive.py first seen with mtime 1787953691.4554245
File /Users/souad/Desktop/django/skeleton/.venv/lib/python3.14/site-packages/django/contrib/admin/views/decorators.py first seen with mtime 1786367757.350839
File /Users/souad/Desktop/django/skeleton/.venv/lib/python3.14/site-packages/django/apps/__init__.py first seen with mtime 1786367754.3631527
File /Users/souad/Desktop/django/skeleton/.venv/lib/python3.14/site-packages/django/forms/formsets.py first seen with mtime 1786367760.498117
(0.001) SELECT "django_migrations"."id", "django_migrations"."app", "django_migrations"."name", "django_migrations"."applied" FROM "django_migrations"; args=(); alias=default
File /Users/souad/Desktop/django/skeleton/.venv/lib/python3.14/site-packages/django/db/transaction.py first seen with mtime 1786367760.1007645
File /Users/souad/Desktop/django/skeleton/.venv/lib/python3.14/site-packages/django/utils/__init__.py first seen with mtime 1786367760.7201555
File /Users/souad/.local/share/uv/python/cpython-3.14.6-macos-aarch64-none/lib/python3.14/textwrap.py first seen with mtime 1785777595.7120175
File /Users/souad/Desktop/django/skeleton/.venv/lib/python3.14/site-packages/django/db/models/options.py first seen with mtime 1786367760.2917588
File /Users/souad/Desktop/django/skeleton/.venv/lib/python3.14/site-packages/django/contrib/admin/views/main.py first seen with mtime 1786367757.3510401
File /Users/souad/Desktop/django/skeleton/.venv/lib/python3.14/site-packages/django/test/utils.py first seen with mtime 1786367760.7137482
File /Users/souad/Desktop/django/skeleton/.venv/lib/python3.14/site-packages/django/core/checks/templates.py first seen with mtime 1786367760.0382712
File /Users/souad/Desktop/django/skeleton/.venv/lib/python3.14/site-packages/django/core/checks/security/sessions.py first seen with mtime 1786367760.069441
File /Users/souad/Desktop/django/skeleton/.venv/lib/python3.14/site-packages/django/urls/conf.py first seen with mtime 1786367760.714289
File /Users/souad/.local/share/uv/python/cpython-3.14.6-macos-aarch64-none/lib/python3.14/gzip.py first seen with mtime 1785777595.1850655
File /Users/souad/.local/share/uv/python/cpython-3.14.6-macos-aarch64-none/lib/python3.14/zoneinfo/__init__.py first seen with mtime 1785777595.769065
File /Users/souad/Desktop/django/skeleton/.venv/lib/python3.14/site-packages/django/contrib/admin/models.py first seen with mtime 1786367755.7521725
File /Users/souad/Desktop/django/skeleton/.venv/lib/python3.14/site-packages/django/template/__init__.py first seen with mtime 1786367760.6020153
File /Users/souad/Desktop/django/skeleton/.venv/lib/python3.14/site-packages/django/core/checks/async_checks.py first seen with mtime 1786367760.037327
File /Users/souad/Desktop/django/skeleton/.venv/lib/python3.14/site-packages/psycopg/waiting.py first seen with mtime 1786881053.0545323
File /Users/souad/Desktop/django/skeleton/.venv/lib/python3.14/site-packages/rest_framework/settings.py first seen with mtime 1786875964.9172907
File /Users/souad/.local/share/uv/python/cpython-3.14.6-macos-aarch64-none/lib/python3.14/ctypes/macholib/dyld.py first seen with mtime 1785777594.7259824
File /Users/souad/Desktop/django/skeleton/.venv/lib/python3.14/site-packages/django/template/loaders/cached.py first seen with mtime 1786367760.6493688
File /Users/souad/.local/share/uv/python/cpython-3.14.6-macos-aarch64-none/lib/python3.14/tempfile.py first seen with mtime 1785777595.7117937
File /Users/souad/.local/share/uv/python/cpython-3.14.6-macos-aarch64-none/lib/python3.14/compression/zstd/__init__.py first seen with mtime 1785777594.7025473
File /Users/souad/.local/share/uv/python/cpython-3.14.6-macos-aarch64-none/lib/python3.14/annotationlib.py first seen with mtime 1785777594.6515627
File /Users/souad/Desktop/django/skeleton/.venv/lib/python3.14/site-packages/django/utils/cache.py first seen with mtime 1786367760.7255943
File /Users/souad/Desktop/django/skeleton/.venv/lib/python3.14/site-packages/django/contrib/admindocs/utils.py first seen with mtime 1786367757.351753
File /Users/souad/Desktop/django/skeleton/.venv/lib/python3.14/site-packages/django/core/files/storage/mixins.py first seen with mtime 1786367760.0736709
File /Users/souad/Desktop/django/skeleton/.venv/lib/python3.14/site-packages/rest_framework/authentication.py first seen with mtime 1786875964.8505497
File /Users/souad/Desktop/django/skeleton/.venv/lib/python3.14/site-packages/rest_framework/schemas/__init__.py first seen with mtime 1786875964.987891
File /Users/souad/Desktop/django/skeleton/.venv/lib/python3.14/site-packages/sqlparse/filters/output.py first seen with mtime 1786875964.8446488
File /Users/souad/Desktop/django/skeleton/.venv/lib/python3.14/site-packages/asgiref/__init__.py first seen with mtime 1786367754.2978647
File /Users/souad/.local/share/uv/python/cpython-3.14.6-macos-aarch64-none/lib/python3.14/inspect.py first seen with mtime 1785777595.2392044
File /Users/souad/Desktop/django/skeleton/.venv/lib/python3.14/site-packages/django/db/models/fields/generated.py first seen with mtime 1786367760.3817103
File /Users/souad/.local/share/uv/python/cpython-3.14.6-macos-aarch64-none/lib/python3.14/logging/__init__.py first seen with mtime 1785777595.244503
File /Users/souad/Desktop/django/skeleton/.venv/lib/python3.14/site-packages/rest_framework/schemas/utils.py first seen with mtime 1786875964.988922
File /Users/souad/Desktop/django/skeleton/apps/users/models.py first seen with mtime 1787936404.204
File /Users/souad/.local/share/uv/python/cpython-3.14.6-macos-aarch64-none/lib/python3.14/quopri.py first seen with mtime 1785777595.3218133
File /Users/souad/Desktop/django/skeleton/.venv/lib/python3.14/site-packages/django/urls/exceptions.py first seen with mtime 1786367760.7197237
File /Users/souad/Desktop/django/skeleton/.venv/lib/python3.14/site-packages/psycopg/types/datetime.py first seen with mtime 1786881053.0713716
File /Users/souad/Desktop/django/skeleton/.venv/lib/python3.14/site-packages/psycopg/_oids.py first seen with mtime 1786881052.9957776
File /Users/souad/Desktop/django/skeleton/.venv/lib/python3.14/site-packages/django/template/library.py first seen with mtime 1786367760.6269696
File /Users/souad/Desktop/django/skeleton/.venv/lib/python3.14/site-packages/django/contrib/contenttypes/__init__.py first seen with mtime 1786367758.7740648
File /Users/souad/Desktop/django/skeleton/.venv/lib/python3.14/site-packages/psycopg/cursor.py first seen with mtime 1786881053.020943
File /Users/souad/Desktop/django/skeleton/.venv/lib/python3.14/site-packages/django/core/handlers/exception.py first seen with mtime 1786367760.075828
File /Users/souad/Desktop/django/skeleton/.venv/lib/python3.14/site-packages/psycopg/client_cursor.py first seen with mtime 1786881053.0161002
File /Users/souad/Desktop/django/skeleton/.venv/lib/python3.14/site-packages/django/utils/crypto.py first seen with mtime 1786367760.7260697
File /Users/souad/Desktop/django/skeleton/.venv/lib/python3.14/site-packages/django/contrib/postgres/lookups.py first seen with mtime 1786367759.594664
File /Users/souad/Desktop/django/skeleton/.venv/lib/python3.14/site-packages/django/http/request.py first seen with mtime 1786367760.5908365
File /Users/souad/Desktop/django/skeleton/.venv/lib/python3.14/site-packages/django/conf/__init__.py first seen with mtime 1786367754.3973386
File /Users/souad/Desktop/django/skeleton/.venv/lib/python3.14/site-packages/django/forms/widgets.py first seen with mtime 1786367760.510829
File /Users/souad/Desktop/django/skeleton/.venv/lib/python3.14/site-packages/django/utils/autoreload.py first seen with mtime 1786367760.7254198
File /Users/souad/.local/share/uv/python/cpython-3.14.6-macos-aarch64-none/lib/python3.14/email/errors.py first seen with mtime 1785777594.7344952
File /Users/souad/Desktop/django/skeleton/.venv/lib/python3.14/site-packages/rest_framework/utils/serializer_helpers.py first seen with mtime 1786875965.114591
File /Users/souad/Desktop/django/skeleton/.venv/lib/python3.14/site-packages/django/core/checks/security/csrf.py first seen with mtime 1786367760.0692918
File /Users/souad/Desktop/django/skeleton/.venv/lib/python3.14/site-packages/psycopg/pq/_enums.py first seen with mtime 1786881053.062411
File /Users/souad/.local/share/uv/python/cpython-3.14.6-macos-aarch64-none/lib/python3.14/decimal.py first seen with mtime 1785777594.7307265
File /Users/souad/.local/share/uv/python/cpython-3.14.6-macos-aarch64-none/lib/python3.14/asyncio/graph.py first seen with mtime 1785777594.6593628
File /Users/souad/.local/share/uv/python/cpython-3.14.6-macos-aarch64-none/lib/python3.14/unittest/__init__.py first seen with mtime 1785777595.7372558
File /Users/souad/.local/share/uv/python/cpython-3.14.6-macos-aarch64-none/lib/python3.14/opcode.py first seen with mtime 1785777595.2673192
File /Users/souad/Desktop/django/skeleton/.venv/lib/python3.14/site-packages/django/contrib/admin/templatetags/admin_filters.py first seen with mtime 1786367757.349657
File /Users/souad/Desktop/django/skeleton/.venv/lib/python3.14/site-packages/django/utils/copy.py first seen with mtime 1786367760.7259557
File /Users/souad/Desktop/django/skeleton/.venv/lib/python3.14/site-packages/django/template/loader.py first seen with mtime 1786367760.6271024
File /Users/souad/Desktop/django/skeleton/.venv/lib/python3.14/site-packages/psycopg/_enums.py first seen with mtime 1786881052.9955258
File /Users/souad/Desktop/django/skeleton/.venv/lib/python3.14/site-packages/django/contrib/messages/api.py first seen with mtime 1786367759.5886734
File /Users/souad/Desktop/django/skeleton/.venv/lib/python3.14/site-packages/django/contrib/contenttypes/admin.py first seen with mtime 1786367758.774302
File /Users/souad/Desktop/django/skeleton/.venv/lib/python3.14/site-packages/django/contrib/postgres/utils.py first seen with mtime 1786367759.597606
File /Users/souad/Desktop/django/skeleton/.venv/lib/python3.14/site-packages/django/urls/utils.py first seen with mtime 1786367760.7200305
File /Users/souad/.local/share/uv/python/cpython-3.14.6-macos-aarch64-none/lib/python3.14/email/mime/multipart.py first seen with mtime 1785777594.736723
File /Users/souad/Desktop/django/skeleton/.venv/lib/python3.14/site-packages/psycopg/_connection_info.py first seen with mtime 1786881052.9402459
File /Users/souad/Desktop/django/skeleton/.venv/lib/python3.14/site-packages/psycopg/types/numeric.py first seen with mtime 1786881053.0723495
File /Users/souad/.local/share/uv/python/cpython-3.14.6-macos-aarch64-none/lib/python3.14/email/mime/base.py first seen with mtime 1785777594.736374
File /Users/souad/Desktop/django/skeleton/.venv/lib/python3.14/site-packages/django/db/models/functions/mixins.py first seen with mtime 1786367760.489364
File /Users/souad/Desktop/django/skeleton/.venv/lib/python3.14/site-packages/django/core/cache/backends/filebased.py first seen with mtime 1786367760.0364845
File /Users/souad/Desktop/django/skeleton/.venv/lib/python3.14/site-packages/yaml/parser.py first seen with mtime 1787953691.4734707
File /Users/souad/Desktop/django/skeleton/.venv/lib/python3.14/site-packages/django/forms/__init__.py first seen with mtime 1786367760.4973843
File /Users/souad/Desktop/django/skeleton/.venv/lib/python3.14/site-packages/django/core/management/commands/__init__.py first seen with mtime 1786367760.0812232
File /Users/souad/Desktop/django/skeleton/.venv/lib/python3.14/site-packages/django/db/backends/postgresql/__init__.py first seen with mtime 1786367760.1921623
File /Users/souad/Desktop/django/skeleton/.venv/lib/python3.14/site-packages/django/core/checks/caches.py first seen with mtime 1786367760.037437
File /Users/souad/Desktop/django/skeleton/.venv/lib/python3.14/site-packages/django/views/i18n.py first seen with mtime 1786367760.8052933
File /Users/souad/.local/share/uv/python/cpython-3.14.6-macos-aarch64-none/lib/python3.14/importlib/metadata/_functools.py first seen with mtime 1785777595.2363205
File /Users/souad/.local/share/uv/python/cpython-3.14.6-macos-aarch64-none/lib/python3.14/email/parser.py first seen with mtime 1785777594.737276
File /Users/souad/Desktop/django/skeleton/.venv/lib/python3.14/site-packages/django/contrib/messages/storage/base.py first seen with mtime 1786367759.593504
File /Users/souad/Desktop/django/skeleton/.venv/lib/python3.14/site-packages/django/contrib/auth/validators.py first seen with mtime 1786367758.1609488
File /Users/souad/Desktop/django/skeleton/.venv/lib/python3.14/site-packages/sqlparse/formatter.py first seen with mtime 1786875964.7890236
File /Users/souad/.local/share/uv/python/cpython-3.14.6-macos-aarch64-none/lib/python3.14/copy.py first seen with mtime 1785777594.722794
File /Users/souad/.local/share/uv/python/cpython-3.14.6-macos-aarch64-none/lib/python3.14/http/cookies.py first seen with mtime 1785777595.2015784
File /Users/souad/Desktop/django/skeleton/.venv/lib/python3.14/site-packages/django/contrib/contenttypes/forms.py first seen with mtime 1786367758.7748826
File /Users/souad/Desktop/django/skeleton/.venv/lib/python3.14/site-packages/psycopg/_pipeline.py first seen with mtime 1786881052.9959764
File /Users/souad/Desktop/django/skeleton/.venv/lib/python3.14/site-packages/django/template/backends/django.py first seen with mtime 1786367760.6482003
File /Users/souad/.local/share/uv/python/cpython-3.14.6-macos-aarch64-none/lib/python3.14/glob.py first seen with mtime 1785777595.1844187
File /Users/souad/Desktop/django/skeleton/.venv/lib/python3.14/site-packages/sqlparse/__init__.py first seen with mtime 1786875964.7867694
File /Users/souad/Desktop/django/skeleton/.venv/lib/python3.14/site-packages/django/contrib/contenttypes/models.py first seen with mtime 1786367758.7751477
File /Users/souad/Desktop/django/skeleton/.venv/lib/python3.14/site-packages/django/utils/_os.py first seen with mtime 1786367760.7203608
File /Users/souad/Desktop/django/skeleton/.venv/lib/python3.14/site-packages/drf_spectacular/serializers.py first seen with mtime 1787953691.3764546
File /Users/souad/.local/share/uv/python/cpython-3.14.6-macos-aarch64-none/lib/python3.14/email/__init__.py first seen with mtime 1785777594.7324262
File /Users/souad/Desktop/django/skeleton/.venv/lib/python3.14/site-packages/django/db/backends/__init__.py first seen with mtime 1786367760.1009915
File /Users/souad/Desktop/django/skeleton/.venv/lib/python3.14/site-packages/django/db/utils.py first seen with mtime 1786367760.1008954
File /Users/souad/Desktop/django/skeleton/.venv/lib/python3.14/site-packages/django/db/models/fetch_modes.py first seen with mtime 1786367760.2883995
File /Users/souad/.local/share/uv/python/cpython-3.14.6-macos-aarch64-none/lib/python3.14/ctypes/_endian.py first seen with mtime 1785777594.7251854
File /Users/souad/Desktop/django/skeleton/.venv/lib/python3.14/site-packages/django/contrib/auth/admin.py first seen with mtime 1786367758.0683904
File /Users/souad/Desktop/django/skeleton/.venv/lib/python3.14/site-packages/django/contrib/sessions/apps.py first seen with mtime 1786367759.8282979
File /Users/souad/Desktop/django/skeleton/.venv/lib/python3.14/site-packages/psycopg/generators.py first seen with mtime 1786881053.0532546
File /Users/souad/Desktop/django/skeleton/.venv/lib/python3.14/site-packages/django/db/backends/postgresql/base.py first seen with mtime 1786367760.1923661
File /Users/souad/Desktop/django/skeleton/config/settings/__init__.py first seen with mtime 1787933744.6508405
File /Users/souad/Desktop/django/skeleton/.venv/lib/python3.14/site-packages/django/utils/asyncio.py first seen with mtime 1786367760.7206156
File /Users/souad/Desktop/django/skeleton/apps/__init__.py first seen with mtime 1788013653.0639215
File /Users/souad/Desktop/django/skeleton/.venv/lib/python3.14/site-packages/uritemplate/__init__.py first seen with mtime 1787953691.2833807
File /Users/souad/.local/share/uv/python/cpython-3.14.6-macos-aarch64-none/lib/python3.14/uuid.py first seen with mtime 1785777595.7476642
File /Users/souad/Desktop/django/skeleton/.venv/lib/python3.14/site-packages/uritemplate/variable.py first seen with mtime 1787953691.2844076
File /Users/souad/Desktop/django/skeleton/.venv/lib/python3.14/site-packages/django/db/migrations/state.py first seen with mtime 1786367760.2802994
File /Users/souad/.local/share/uv/python/cpython-3.14.6-macos-aarch64-none/lib/python3.14/compression/zstd/_zstdfile.py first seen with mtime 1785777594.7027261
File /Users/souad/Desktop/django/skeleton/.venv/lib/python3.14/site-packages/psycopg/types/uuid.py first seen with mtime 1786881053.077283
File /Users/souad/Desktop/django/skeleton/.venv/lib/python3.14/site-packages/django/core/cache/backends/__init__.py first seen with mtime 1786367760.0254462
File /Users/souad/.local/share/uv/python/cpython-3.14.6-macos-aarch64-none/lib/python3.14/re/_compiler.py first seen with mtime 1785777595.325027
File /Users/souad/.local/share/uv/python/cpython-3.14.6-macos-aarch64-none/lib/python3.14/shutil.py first seen with mtime 1785777595.3360856
File /Users/souad/.local/share/uv/python/cpython-3.14.6-macos-aarch64-none/lib/python3.14/sysconfig/__init__.py first seen with mtime 1785777595.7103503
File /Users/souad/.local/share/uv/python/cpython-3.14.6-macos-aarch64-none/lib/python3.14/token.py first seen with mtime 1785777595.7252707
File /Users/souad/Desktop/django/skeleton/.venv/lib/python3.14/site-packages/django/db/backends/base/base.py first seen with mtime 1786367760.1607335
File /Users/souad/Desktop/django/skeleton/.venv/lib/python3.14/site-packages/django/forms/fields.py first seen with mtime 1786367760.4977756
File /Users/souad/.local/share/uv/python/cpython-3.14.6-macos-aarch64-none/lib/python3.14/asyncio/unix_events.py first seen with mtime 1785777594.6653674
File /Users/souad/Desktop/django/skeleton/.venv/lib/python3.14/site-packages/django/core/files/locks.py first seen with mtime 1786367760.070122
File /Users/souad/Desktop/django/skeleton/.venv/lib/python3.14/site-packages/sqlparse/exceptions.py first seen with mtime 1786875964.7884505
File /Users/souad/Desktop/django/skeleton/.venv/lib/python3.14/site-packages/yaml/serializer.py first seen with mtime 1787953691.4802332
File /Users/souad/Desktop/django/skeleton/.venv/lib/python3.14/site-packages/django/contrib/auth/checks.py first seen with mtime 1786367758.0691824
File /Users/souad/Desktop/django/skeleton/.venv/lib/python3.14/site-packages/django/db/models/fields/json.py first seen with mtime 1786367760.3823
File /Users/souad/Desktop/django/skeleton/.venv/lib/python3.14/site-packages/rest_framework/utils/field_mapping.py first seen with mtime 1786875965.1131272
File /Users/souad/.local/share/uv/python/cpython-3.14.6-macos-aarch64-none/lib/python3.14/mimetypes.py first seen with mtime 1785777595.254078
File /Users/souad/Desktop/django/skeleton/.venv/lib/python3.14/site-packages/django/contrib/postgres/fields/array.py first seen with mtime 1786367759.598754
File /Users/souad/.local/share/uv/python/cpython-3.14.6-macos-aarch64-none/lib/python3.14/importlib/metadata/_meta.py first seen with mtime 1785777595.2365787
File /Users/souad/Desktop/django/skeleton/.venv/lib/python3.14/site-packages/django/db/backends/base/features.py first seen with mtime 1786367760.1676822
File /Users/souad/.local/share/uv/python/cpython-3.14.6-macos-aarch64-none/lib/python3.14/asyncio/base_futures.py first seen with mtime 1785777594.6576283
File /Users/souad/Desktop/django/skeleton/.venv/lib/python3.14/site-packages/django/db/models/fields/proxy.py first seen with mtime 1786367760.382705
File /Users/souad/Desktop/django/skeleton/.venv/lib/python3.14/site-packages/django/template/loaders/__init__.py first seen with mtime 1786367760.6488304
File /Users/souad/Desktop/django/skeleton/.venv/lib/python3.14/site-packages/django/db/models/sql/query.py first seen with mtime 1786367760.4963262
File /Users/souad/Desktop/django/skeleton/.venv/lib/python3.14/site-packages/django/views/debug.py first seen with mtime 1786367760.7870657
File /Users/souad/Desktop/django/skeleton/.venv/lib/python3.14/site-packages/django/contrib/staticfiles/apps.py first seen with mtime 1786367759.9871364
File /Users/souad/Desktop/django/skeleton/.venv/lib/python3.14/site-packages/sqlparse/engine/grouping.py first seen with mtime 1786875964.799747
File /Users/souad/Desktop/django/skeleton/.venv/lib/python3.14/site-packages/django/forms/renderers.py first seen with mtime 1786367760.510472
File /Users/souad/.local/share/uv/python/cpython-3.14.6-macos-aarch64-none/lib/python3.14/subprocess.py first seen with mtime 1785777595.7097118
File /Users/souad/.local/share/uv/python/cpython-3.14.6-macos-aarch64-none/lib/python3.14/email/feedparser.py first seen with mtime 1785777594.734671
File /Users/souad/Desktop/django/skeleton/.venv/lib/python3.14/site-packages/sqlparse/lexer.py first seen with mtime 1786875964.790282
File /Users/souad/.local/share/uv/python/cpython-3.14.6-macos-aarch64-none/lib/python3.14/asyncio/base_subprocess.py first seen with mtime 1785777594.6578488
File /Users/souad/Desktop/django/skeleton/.venv/lib/python3.14/site-packages/yaml/dumper.py first seen with mtime 1787953691.4731967
File /Users/souad/Desktop/django/skeleton/.venv/lib/python3.14/site-packages/django/core/files/uploadedfile.py first seen with mtime 1786367760.0707614
File /Users/souad/Desktop/django/skeleton/.venv/lib/python3.14/site-packages/drf_spectacular/contrib/rest_framework_simplejwt.py first seen with mtime 1787953691.455558
File /Users/souad/Desktop/django/skeleton/.venv/lib/python3.14/site-packages/drf_spectacular/__init__.py first seen with mtime 1787953691.2832162
File /Users/souad/Desktop/django/skeleton/.venv/lib/python3.14/site-packages/django/utils/dateformat.py first seen with mtime 1786367760.7265172
File /Users/souad/Desktop/django/skeleton/.venv/lib/python3.14/site-packages/django/db/models/query.py first seen with mtime 1786367760.2922604
File /Users/souad/Desktop/django/skeleton/.venv/lib/python3.14/site-packages/django/utils/http.py first seen with mtime 1786367760.7797828
File /Users/souad/Desktop/django/skeleton/.venv/lib/python3.14/site-packages/django/db/models/functions/window.py first seen with mtime 1786367760.490608
File /Users/souad/.local/share/uv/python/cpython-3.14.6-macos-aarch64-none/lib/python3.14/bisect.py first seen with mtime 1785777594.6671531
File /Users/souad/.local/share/uv/python/cpython-3.14.6-macos-aarch64-none/lib/python3.14/zipfile/__init__.py first seen with mtime 1785777595.7676237
File /Users/souad/Desktop/django/skeleton/.venv/lib/python3.14/site-packages/django/conf/urls/__init__.py first seen with mtime 1786367755.7500331
File /Users/souad/Desktop/django/skeleton/.venv/lib/python3.14/site-packages/django/http/response.py first seen with mtime 1786367760.591011
File /Users/souad/.local/share/uv/python/cpython-3.14.6-macos-aarch64-none/lib/python3.14/calendar.py first seen with mtime 1785777594.6742542
File /Users/souad/Desktop/django/skeleton/.venv/lib/python3.14/site-packages/django/core/mail/exceptions.py first seen with mtime 1786367760.0776417
File /Users/souad/Desktop/django/skeleton/.venv/lib/python3.14/site-packages/rest_framework/metadata.py first seen with mtime 1786875964.8743196
File /Users/souad/Desktop/django/skeleton/.venv/lib/python3.14/site-packages/rest_framework/templatetags/__init__.py first seen with mtime 1786875965.1120834
File /Users/souad/.local/share/uv/python/cpython-3.14.6-macos-aarch64-none/lib/python3.14/asyncio/selector_events.py first seen with mtime 1785777594.6613736
File /Users/souad/Desktop/django/skeleton/.venv/lib/python3.14/site-packages/django/contrib/admin/apps.py first seen with mtime 1786367755.7508736
File /Users/souad/Desktop/django/skeleton/.venv/lib/python3.14/site-packages/django/contrib/sessions/__init__.py first seen with mtime 1786367759.8281102
File /Users/souad/Desktop/django/skeleton/.venv/lib/python3.14/site-packages/psycopg/_struct.py first seen with mtime 1786881053.0000255
File /Users/souad/Desktop/django/skeleton/.venv/lib/python3.14/site-packages/django/views/generic/dates.py first seen with mtime 1786367760.8074837
File /Users/souad/Desktop/django/skeleton/.venv/lib/python3.14/site-packages/django/template/exceptions.py first seen with mtime 1786367760.6268377
File /Users/souad/Desktop/django/skeleton/.venv/lib/python3.14/site-packages/rest_framework/compat.py first seen with mtime 1786875964.8511236
File /Users/souad/Desktop/django/skeleton/.venv/lib/python3.14/site-packages/django/template/utils.py first seen with mtime 1786367760.6473563
File /Users/souad/Desktop/django/skeleton/.venv/lib/python3.14/site-packages/django/core/management/base.py first seen with mtime 1786367760.0804431
File /Users/souad/Desktop/django/skeleton/.venv/lib/python3.14/site-packages/django/test/html.py first seen with mtime 1786367760.677664
File /Users/souad/Desktop/django/skeleton/.venv/lib/python3.14/site-packages/django/dispatch/dispatcher.py first seen with mtime 1786367760.4971652
File /Users/souad/Desktop/django/skeleton/.venv/lib/python3.14/site-packages/django/template/base.py first seen with mtime 1786367760.6114347
File /Users/souad/Desktop/django/skeleton/.venv/lib/python3.14/site-packages/environ/compat.py first seen with mtime 1787935397.763435
File /Users/souad/Desktop/django/skeleton/.venv/lib/python3.14/site-packages/rest_framework/utils/mediatypes.py first seen with mtime 1786875965.114004
File /Users/souad/.local/share/uv/python/cpython-3.14.6-macos-aarch64-none/lib/python3.14/unittest/mock.py first seen with mtime 1785777595.7420828
File /Users/souad/Desktop/django/skeleton/config/urls.py first seen with mtime 1787954024.998
File /Users/souad/Desktop/django/skeleton/.venv/lib/python3.14/site-packages/django/middleware/csrf.py first seen with mtime 1786367760.5974123
File /Users/souad/Desktop/django/skeleton/.venv/lib/python3.14/site-packages/rest_framework/generics.py first seen with mtime 1786875964.8738213
File /Users/souad/Desktop/django/skeleton/.venv/lib/python3.14/site-packages/psycopg/_typeinfo.py first seen with mtime 1786881053.0149536
File /Users/souad/Desktop/django/skeleton/.venv/lib/python3.14/site-packages/django/db/models/indexes.py first seen with mtime 1786367760.2905416
File /Users/souad/Desktop/django/skeleton/.venv/lib/python3.14/site-packages/drf_spectacular/renderers.py first seen with mtime 1787953691.3645623
File /Users/souad/Desktop/django/skeleton/.venv/lib/python3.14/site-packages/django/contrib/postgres/forms/__init__.py first seen with mtime 1786367759.6089833
File /Users/souad/Desktop/django/skeleton/.venv/lib/python3.14/site-packages/psycopg/postgres.py first seen with mtime 1786881053.0534286
File /Users/souad/Desktop/django/skeleton/.venv/lib/python3.14/site-packages/django/templatetags/cache.py first seen with mtime 1786367760.6498647
File /Users/souad/Desktop/django/skeleton/.venv/lib/python3.14/site-packages/django/core/files/temp.py first seen with mtime 1786367760.0703754
File /Users/souad/Desktop/django/skeleton/.venv/lib/python3.14/site-packages/psycopg/_copy_base.py first seen with mtime 1786881052.9431722
File /Users/souad/Desktop/django/skeleton/.venv/lib/python3.14/site-packages/django/db/migrations/utils.py first seen with mtime 1786367760.2805011
File /Users/souad/Desktop/django/skeleton/.venv/lib/python3.14/site-packages/drf_spectacular/authentication.py first seen with mtime 1787953691.2837024
File /Users/souad/Desktop/django/skeleton/.venv/lib/python3.14/site-packages/sqlparse/filters/reindent.py first seen with mtime 1786875964.8450868
File /Users/souad/Desktop/django/skeleton/.venv/lib/python3.14/site-packages/django/test/client.py first seen with mtime 1786367760.6773064
File /Users/souad/Desktop/django/skeleton/.venv/lib/python3.14/site-packages/django/db/models/functions/uuid.py first seen with mtime 1786367760.490169
File /Users/souad/.local/share/uv/python/cpython-3.14.6-macos-aarch64-none/lib/python3.14/asyncio/__init__.py first seen with mtime 1785777594.6544075
File /Users/souad/Desktop/django/skeleton/.venv/lib/python3.14/site-packages/django/utils/version.py first seen with mtime 1786367760.7834651
File /Users/souad/.local/share/uv/python/cpython-3.14.6-macos-aarch64-none/lib/python3.14/__future__.py first seen with mtime 1785777594.4861689
File /Users/souad/.local/share/uv/python/cpython-3.14.6-macos-aarch64-none/lib/python3.14/_py_warnings.py first seen with mtime 1785777594.5806675
File /Users/souad/.local/share/uv/python/cpython-3.14.6-macos-aarch64-none/lib/python3.14/xml/dom/__init__.py first seen with mtime 1785777595.7518873
File /Users/souad/Desktop/django/skeleton/.venv/lib/python3.14/site-packages/yaml/reader.py first seen with mtime 1787953691.4736133
File /Users/souad/Desktop/django/skeleton/.venv/lib/python3.14/site-packages/django/template/loader_tags.py first seen with mtime 1786367760.6273377
File /Users/souad/Desktop/django/skeleton/.venv/lib/python3.14/site-packages/rest_framework/views.py first seen with mtime 1786875964.9238746
File /Users/souad/Desktop/django/skeleton/.venv/lib/python3.14/site-packages/psycopg/_connection_base.py first seen with mtime 1786881052.9372625
File /Users/souad/Desktop/django/skeleton/.venv/lib/python3.14/site-packages/django/contrib/staticfiles/handlers.py first seen with mtime 1786367759.9874818
File /Users/souad/Desktop/django/skeleton/.venv/lib/python3.14/site-packages/django/templatetags/i18n.py first seen with mtime 1786367760.6679814
File /Users/souad/Desktop/django/skeleton/.venv/lib/python3.14/site-packages/django/contrib/admindocs/__init__.py first seen with mtime 1786367757.3511763
File /Users/souad/Desktop/django/skeleton/.venv/lib/python3.14/site-packages/django/utils/module_loading.py first seen with mtime 1786367760.7817242
File /Users/souad/Desktop/django/skeleton/.venv/lib/python3.14/site-packages/psycopg/_server_cursor.py first seen with mtime 1786881052.9994564
File /Users/souad/.local/share/uv/python/cpython-3.14.6-macos-aarch64-none/lib/python3.14/email/mime/nonmultipart.py first seen with mtime 1785777594.7368364
File /Users/souad/.local/share/uv/python/cpython-3.14.6-macos-aarch64-none/lib/python3.14/importlib/_abc.py first seen with mtime 1785777595.2339118
File /Users/souad/Desktop/django/skeleton/.venv/lib/python3.14/site-packages/rest_framework/permissions.py first seen with mtime 1786875964.8760664
File /Users/souad/Desktop/django/skeleton/.venv/lib/python3.14/site-packages/django/contrib/postgres/fields/utils.py first seen with mtime 1786367759.6088068
File /Users/souad/Desktop/django/skeleton/.venv/lib/python3.14/site-packages/drf_spectacular/checks.py first seen with mtime 1787953691.2838538
File /Users/souad/Desktop/django/skeleton/.venv/lib/python3.14/site-packages/psycopg/_typemod.py first seen with mtime 1786881053.0151868
File /Users/souad/Desktop/django/skeleton/.venv/lib/python3.14/site-packages/django/utils/encoding.py first seen with mtime 1786367760.732437
File /Users/souad/Desktop/django/skeleton/.venv/lib/python3.14/site-packages/sqlparse/filters/__init__.py first seen with mtime 1786875964.8007717
File /Users/souad/.local/share/uv/python/cpython-3.14.6-macos-aarch64-none/lib/python3.14/ast.py first seen with mtime 1785777594.6540346
File /Users/souad/Desktop/django/skeleton/.venv/lib/python3.14/site-packages/django/core/checks/database.py first seen with mtime 1786367760.0376232
File /Users/souad/Desktop/django/skeleton/.venv/lib/python3.14/site-packages/django/core/files/storage/filesystem.py first seen with mtime 1786367760.0726545
File /Users/souad/Desktop/django/skeleton/.venv/lib/python3.14/site-packages/drf_spectacular/extensions.py first seen with mtime 1787953691.2845225
File /Users/souad/.local/share/uv/python/cpython-3.14.6-macos-aarch64-none/lib/python3.14/asyncio/streams.py first seen with mtime 1785777594.662234
File /Users/souad/.local/share/uv/python/cpython-3.14.6-macos-aarch64-none/lib/python3.14/getpass.py first seen with mtime 1785777595.1828716
File /Users/souad/Desktop/django/skeleton/.venv/lib/python3.14/site-packages/drf_spectacular/contrib/django_oauth_toolkit.py first seen with mtime 1787953691.4540315
File /Users/souad/.local/share/uv/python/cpython-3.14.6-macos-aarch64-none/lib/python3.14/pathlib/_os.py first seen with mtime 1785777595.2740188
File /Users/souad/Desktop/django/skeleton/.venv/lib/python3.14/site-packages/rest_framework/utils/model_meta.py first seen with mtime 1786875965.114226
File /Users/souad/Desktop/django/skeleton/.venv/lib/python3.14/site-packages/rest_framework/viewsets.py first seen with mtime 1786875964.9242969
File /Users/souad/Desktop/django/skeleton/.venv/lib/python3.14/site-packages/drf_spectacular/contrib/rest_framework_jwt.py first seen with mtime 1787953691.4551609
File /Users/souad/Desktop/django/skeleton/.venv/lib/python3.14/site-packages/psycopg/_copy.py first seen with mtime 1786881052.9422767
File /Users/souad/.local/share/uv/python/cpython-3.14.6-macos-aarch64-none/lib/python3.14/importlib/metadata/_text.py first seen with mtime 1785777595.236696
File /Users/souad/Desktop/django/skeleton/.venv/lib/python3.14/site-packages/sqlparse/engine/statement_splitter.py first seen with mtime 1786875964.800161
File /Users/souad/.local/share/uv/python/cpython-3.14.6-macos-aarch64-none/lib/python3.14/asyncio/log.py first seen with mtime 1785777594.6596928
File /Users/souad/Desktop/django/skeleton/.venv/lib/python3.14/site-packages/django/db/models/fields/related_descriptors.py first seen with mtime 1786367760.487083
File /Users/souad/.local/share/uv/python/cpython-3.14.6-macos-aarch64-none/lib/python3.14/bz2.py first seen with mtime 1785777594.6675177
File /Users/souad/.local/share/uv/python/cpython-3.14.6-macos-aarch64-none/lib/python3.14/email/mime/message.py first seen with mtime 1785777594.736606
File /Users/souad/Desktop/django/skeleton/.venv/lib/python3.14/site-packages/rest_framework/mixins.py first seen with mtime 1786875964.874626
File /Users/souad/Desktop/django/skeleton/.venv/lib/python3.14/site-packages/django/db/models/sql/constants.py first seen with mtime 1786367760.4916387
File /Users/souad/Desktop/django/skeleton/.venv/lib/python3.14/site-packages/django/core/files/images.py first seen with mtime 1786367760.069984
File /Users/souad/.local/share/uv/python/cpython-3.14.6-macos-aarch64-none/lib/python3.14/types.py first seen with mtime 1785777595.7350323
File /Users/souad/Desktop/django/skeleton/.venv/lib/python3.14/site-packages/sqlparse/keywords.py first seen with mtime 1786875964.7898247
File /Users/souad/Desktop/django/skeleton/.venv/lib/python3.14/site-packages/django/db/backends/base/validation.py first seen with mtime 1786367760.169603
File /Users/souad/Desktop/django/skeleton/.venv/lib/python3.14/site-packages/django/db/backends/ddl_references.py first seen with mtime 1786367760.1011305
File /Users/souad/.local/share/uv/python/cpython-3.14.6-macos-aarch64-none/lib/python3.14/hmac.py first seen with mtime 1785777595.187869
File /Users/souad/.local/share/uv/python/cpython-3.14.6-macos-aarch64-none/lib/python3.14/ctypes/macholib/dylib.py first seen with mtime 1785777594.726115
File /Users/souad/.local/share/uv/python/cpython-3.14.6-macos-aarch64-none/lib/python3.14/datetime.py first seen with mtime 1785777594.7296724
File /Users/souad/.local/share/uv/python/cpython-3.14.6-macos-aarch64-none/lib/python3.14/compression/_common/__init__.py first seen with mtime 1785777594.6981466
File /Users/souad/Desktop/django/skeleton/.venv/lib/python3.14/site-packages/psycopg/types/none.py first seen with mtime 1786881053.0721986
File /Users/souad/.local/share/uv/python/cpython-3.14.6-macos-aarch64-none/lib/python3.14/logging/handlers.py first seen with mtime 1785777595.252239
File /Users/souad/Desktop/django/skeleton/.venv/lib/python3.14/site-packages/psycopg/pq/pq_ctypes.py first seen with mtime 1786881053.0702572
File /Users/souad/Desktop/django/skeleton/.venv/lib/python3.14/site-packages/psycopg/types/multirange.py first seen with mtime 1786881053.0719578
File /Users/souad/Desktop/django/skeleton/.venv/lib/python3.14/site-packages/django/core/checks/files.py first seen with mtime 1786367760.0377173
File /Users/souad/Desktop/django/skeleton/.venv/lib/python3.14/site-packages/django/core/cache/utils.py first seen with mtime 1786367760.025122
File /Users/souad/Desktop/django/skeleton/.venv/lib/python3.14/site-packages/django/contrib/sites/__init__.py first seen with mtime 1786367759.952085
File /Users/souad/Desktop/django/skeleton/.venv/lib/python3.14/site-packages/environ/__init__.py first seen with mtime 1787935397.7632148
File /Users/souad/.local/share/uv/python/cpython-3.14.6-macos-aarch64-none/lib/python3.14/_opcode_metadata.py first seen with mtime 1785777594.5796032
File /Users/souad/Desktop/django/skeleton/.venv/lib/python3.14/site-packages/psycopg/errors.py first seen with mtime 1786881053.0530202
File /Users/souad/Desktop/django/skeleton/.venv/lib/python3.14/site-packages/drf_spectacular/contrib/djangorestframework_camel_case.py first seen with mtime 1787953691.4541845
File /Users/souad/Desktop/django/skeleton/.venv/lib/python3.14/site-packages/inflection/__init__.py first seen with mtime 1787953691.249701
File /Users/souad/Desktop/django/skeleton/.venv/lib/python3.14/site-packages/psycopg/abc.py first seen with mtime 1786881053.0157082
File /Users/souad/Desktop/django/skeleton/.venv/lib/python3.14/site-packages/django/db/models/fields/composite.py first seen with mtime 1786367760.3771188
File /Users/souad/Desktop/django/skeleton/.venv/lib/python3.14/site-packages/django/forms/models.py first seen with mtime 1786367760.5102003
File /Users/souad/.local/share/uv/python/cpython-3.14.6-macos-aarch64-none/lib/python3.14/asyncio/trsock.py first seen with mtime 1785777594.6647346
File /Users/souad/Desktop/django/skeleton/.venv/lib/python3.14/site-packages/psycopg/_wrappers.py first seen with mtime 1786881053.0154867
File /Users/souad/.local/share/uv/python/cpython-3.14.6-macos-aarch64-none/lib/python3.14/asyncio/staggered.py first seen with mtime 1785777594.6619277
File /Users/souad/.local/share/uv/python/cpython-3.14.6-macos-aarch64-none/lib/python3.14/codeop.py first seen with mtime 1785777594.6752234
File /Users/souad/Desktop/django/skeleton/.venv/lib/python3.14/site-packages/psycopg/_acompat.py first seen with mtime 1786881052.935062
File /Users/souad/Desktop/django/skeleton/.venv/lib/python3.14/site-packages/django/db/backends/base/schema.py first seen with mtime 1786367760.169057
File /Users/souad/.local/share/uv/python/cpython-3.14.6-macos-aarch64-none/lib/python3.14/traceback.py first seen with mtime 1785777595.7273118
File /Users/souad/Desktop/django/skeleton/config/settings/development.py first seen with mtime 1787934009.747
File /Users/souad/Desktop/django/skeleton/.venv/lib/python3.14/site-packages/django/core/serializers/__init__.py first seen with mtime 1786367760.0993721
File /Users/souad/.local/share/uv/python/cpython-3.14.6-macos-aarch64-none/lib/python3.14/xml/__init__.py first seen with mtime 1785777595.7515266
File /Users/souad/Desktop/django/skeleton/.venv/lib/python3.14/site-packages/django/core/files/storage/handler.py first seen with mtime 1786367760.0729363
File /Users/souad/Desktop/django/skeleton/.venv/lib/python3.14/site-packages/django/http/multipartparser.py first seen with mtime 1786367760.5905814
File /Users/souad/Desktop/django/skeleton/config/__init__.py first seen with mtime 1787927544.3361983
File /Users/souad/Desktop/django/skeleton/.venv/lib/python3.14/site-packages/django/templatetags/static.py first seen with mtime 1786367760.6683996
File /Users/souad/Desktop/django/skeleton/.venv/lib/python3.14/site-packages/django/core/exceptions.py first seen with mtime 1786367759.9894793
File /Users/souad/Desktop/django/skeleton/.venv/lib/python3.14/site-packages/django/views/decorators/debug.py first seen with mtime 1786367760.806587
File /Users/souad/Desktop/django/skeleton/.venv/lib/python3.14/site-packages/django/test/signals.py first seen with mtime 1786367760.6782315
File /Users/souad/.local/share/uv/python/cpython-3.14.6-macos-aarch64-none/lib/python3.14/asyncio/locks.py first seen with mtime 1785777594.6595573
File /Users/souad/.local/share/uv/python/cpython-3.14.6-macos-aarch64-none/lib/python3.14/http/__init__.py first seen with mtime 1785777595.1902754
File /Users/souad/Desktop/django/skeleton/.venv/lib/python3.14/site-packages/psycopg/conninfo.py first seen with mtime 1786881053.020663
File /Users/souad/Desktop/django/skeleton/.venv/lib/python3.14/site-packages/psycopg/transaction.py first seen with mtime 1786881053.0541399
File /Users/souad/Desktop/django/skeleton/.venv/lib/python3.14/site-packages/psycopg/types/enum.py first seen with mtime 1786881053.071504
File /Users/souad/Desktop/django/skeleton/.venv/lib/python3.14/site-packages/django/utils/numberformat.py first seen with mtime 1786367760.7818618
File /Users/souad/Desktop/django/skeleton/.venv/lib/python3.14/site-packages/django/db/models/sql/__init__.py first seen with mtime 1786367760.4908316
File /Users/souad/Desktop/django/skeleton/.venv/lib/python3.14/site-packages/rest_framework/utils/formatting.py first seen with mtime 1786875965.1133113
File /Users/souad/Desktop/django/skeleton/.venv/lib/python3.14/site-packages/django/utils/ipv6.py first seen with mtime 1786367760.780145
File /Users/souad/Desktop/django/skeleton/.venv/lib/python3.14/site-packages/django/utils/tree.py first seen with mtime 1786367760.7833383
File /Users/souad/.local/share/uv/python/cpython-3.14.6-macos-aarch64-none/lib/python3.14/json/scanner.py first seen with mtime 1785777595.240701
File /Users/souad/Desktop/django/skeleton/.venv/lib/python3.14/site-packages/django/contrib/admindocs/views.py first seen with mtime 1786367757.3519392
File /Users/souad/Desktop/django/skeleton/.venv/lib/python3.14/site-packages/django/db/backends/utils.py first seen with mtime 1786367760.1602066
File /Users/souad/Desktop/django/skeleton/.venv/lib/python3.14/site-packages/rest_framework/utils/encoders.py first seen with mtime 1786875965.1129017
File /Users/souad/Desktop/django/skeleton/.venv/lib/python3.14/site-packages/psycopg/_encodings.py first seen with mtime 1786881052.9952056
File /Users/souad/.local/share/uv/python/cpython-3.14.6-macos-aarch64-none/lib/python3.14/threading.py first seen with mtime 1785777595.712845
File /Users/souad/Desktop/django/skeleton/.venv/lib/python3.14/site-packages/rest_framework/request.py first seen with mtime 1786875964.910288
File /Users/souad/Desktop/django/skeleton/.venv/lib/python3.14/site-packages/django/core/mail/handler.py first seen with mtime 1786367760.0777662
File /Users/souad/Desktop/django/skeleton/.venv/lib/python3.14/site-packages/django/core/servers/__init__.py first seen with mtime 1786367760.1002524
File /Users/souad/Desktop/django/skeleton/.venv/lib/python3.14/site-packages/psycopg/pq/_pq_ctypes.py first seen with mtime 1786881053.0627222
File /Users/souad/Desktop/django/skeleton/.venv/lib/python3.14/site-packages/django/db/migrations/operations/base.py first seen with mtime 1786367760.2810614
File /Users/souad/Desktop/django/skeleton/.venv/lib/python3.14/site-packages/sqlparse/engine/filter_stack.py first seen with mtime 1786875964.7992656
File /Users/souad/.local/share/uv/python/cpython-3.14.6-macos-aarch64-none/lib/python3.14/email/utils.py first seen with mtime 1785777594.7379422
File /Users/souad/Desktop/django/skeleton/.venv/lib/python3.14/site-packages/django/core/checks/urls.py first seen with mtime 1786367760.0385146
File /Users/souad/Desktop/django/skeleton/.venv/lib/python3.14/site-packages/django/db/models/expressions.py first seen with mtime 1786367760.2882597
File /Users/souad/Desktop/django/skeleton/.venv/lib/python3.14/site-packages/psycopg/raw_cursor.py first seen with mtime 1786881053.0536747
File /Users/souad/.local/share/uv/python/cpython-3.14.6-macos-aarch64-none/lib/python3.14/wsgiref/headers.py first seen with mtime 1785777595.7507412
File /Users/souad/.local/share/uv/python/cpython-3.14.6-macos-aarch64-none/lib/python3.14/xml/dom/minicompat.py first seen with mtime 1785777595.7529106
File /Users/souad/Desktop/django/skeleton/.venv/lib/python3.14/site-packages/django/views/generic/list.py first seen with mtime 1786367760.8079495
File /Users/souad/Desktop/django/skeleton/.venv/lib/python3.14/site-packages/django/contrib/contenttypes/views.py first seen with mtime 1786367758.7755435
File /Users/souad/.local/share/uv/python/cpython-3.14.6-macos-aarch64-none/lib/python3.14/email/_header_value_parser.py first seen with mtime 1785777594.7333114
File /Users/souad/Desktop/django/skeleton/.venv/lib/python3.14/site-packages/django/contrib/admin/views/autocomplete.py first seen with mtime 1786367757.350709
File /Users/souad/.local/share/uv/python/cpython-3.14.6-macos-aarch64-none/lib/python3.14/json/decoder.py first seen with mtime 1785777595.2404456
File /Users/souad/.local/share/uv/python/cpython-3.14.6-macos-aarch64-none/lib/python3.14/unittest/case.py first seen with mtime 1785777595.739793
File /Users/souad/Desktop/django/skeleton/.venv/lib/python3.14/site-packages/django/core/signing.py first seen with mtime 1786367760.0243523
File /Users/souad/Desktop/django/skeleton/.venv/lib/python3.14/site-packages/django/contrib/postgres/search.py first seen with mtime 1786367759.5972753
File /Users/souad/Desktop/django/skeleton/.venv/lib/python3.14/site-packages/psycopg/_adapters_map.py first seen with mtime 1786881052.9353912
File /Users/souad/Desktop/django/skeleton/.venv/lib/python3.14/site-packages/django/views/generic/base.py first seen with mtime 1786367760.8073015
File /Users/souad/.local/share/uv/python/cpython-3.14.6-macos-aarch64-none/lib/python3.14/wsgiref/__init__.py first seen with mtime 1785777595.7500134
File /Users/souad/Desktop/django/skeleton/.venv/lib/python3.14/site-packages/django/db/backends/postgresql/operations.py first seen with mtime 1786367760.1933208
File /Users/souad/Desktop/django/skeleton/.venv/lib/python3.14/site-packages/django/urls/resolvers.py first seen with mtime 1786367760.7199135
File /Users/souad/Desktop/django/skeleton/.venv/lib/python3.14/site-packages/django/contrib/admin/templatetags/admin_urls.py first seen with mtime 1786367757.3501368
File /Users/souad/.local/share/uv/python/cpython-3.14.6-macos-aarch64-none/lib/python3.14/dis.py first seen with mtime 1785777594.7316926
File /Users/souad/.local/share/uv/python/cpython-3.14.6-macos-aarch64-none/lib/python3.14/asyncio/runners.py first seen with mtime 1785777594.6606848
File /Users/souad/Desktop/django/skeleton/.venv/lib/python3.14/site-packages/psycopg/_transformer.py first seen with mtime 1786881053.014357
File /Users/souad/Desktop/django/skeleton/.venv/lib/python3.14/site-packages/django/core/handlers/base.py first seen with mtime 1786367760.0751557
File /Users/souad/Desktop/django/skeleton/.venv/lib/python3.14/site-packages/django/conf/global_settings.py first seen with mtime 1786367754.3984463
File /Users/souad/.local/share/uv/python/cpython-3.14.6-macos-aarch64-none/lib/python3.14/zoneinfo/_common.py first seen with mtime 1785777595.7692022
File /Users/souad/Desktop/django/skeleton/.venv/lib/python3.14/site-packages/psycopg/_tpc.py first seen with mtime 1786881053.0001757
File /Users/souad/Desktop/django/skeleton/.venv/lib/python3.14/site-packages/rest_framework/renderers.py first seen with mtime 1786875964.8769472
File /Users/souad/Desktop/django/skeleton/.venv/lib/python3.14/site-packages/django/core/mail/utils.py first seen with mtime 1786367760.0780308
File /Users/souad/Desktop/django/skeleton/.venv/lib/python3.14/site-packages/drf_spectacular/contrib/__init__.py first seen with mtime 1787953691.453252
File /Users/souad/Desktop/django/skeleton/.venv/lib/python3.14/site-packages/django/utils/termcolors.py first seen with mtime 1786367760.782507
File /Users/souad/Desktop/django/skeleton/.venv/lib/python3.14/site-packages/psycopg/_server_cursor_async.py first seen with mtime 1786881052.9997177
File /Users/souad/Desktop/django/skeleton/.venv/lib/python3.14/site-packages/rest_framework/schemas/openapi.py first seen with mtime 1786875964.9886982
File /Users/souad/.local/share/uv/python/cpython-3.14.6-macos-aarch64-none/lib/python3.14/typing.py first seen with mtime 1785777595.73682
File /Users/souad/.local/share/uv/python/cpython-3.14.6-macos-aarch64-none/lib/python3.14/_weakrefset.py first seen with mtime 1785777594.6502757
File /Users/souad/Desktop/django/skeleton/.venv/lib/python3.14/site-packages/django/http/cookie.py first seen with mtime 1786367760.575284
File /Users/souad/.local/share/uv/python/cpython-3.14.6-macos-aarch64-none/lib/python3.14/http/server.py first seen with mtime 1785777595.2023733
File /Users/souad/Desktop/django/skeleton/.venv/lib/python3.14/site-packages/psycopg/_server_cursor_base.py first seen with mtime 1786881052.9998856
File /Users/souad/.local/share/uv/python/cpython-3.14.6-macos-aarch64-none/lib/python3.14/asyncio/taskgroups.py first seen with mtime 1785777594.6627512
File /Users/souad/.local/share/uv/python/cpython-3.14.6-macos-aarch64-none/lib/python3.14/platform.py first seen with mtime 1785777595.289666
File /Users/souad/.local/share/uv/python/cpython-3.14.6-macos-aarch64-none/lib/python3.14/pprint.py first seen with mtime 1785777595.2917244
File /Users/souad/Desktop/django/skeleton/.venv/lib/python3.14/site-packages/psycopg/_py_transformer.py first seen with mtime 1786881052.9967084
File /Users/souad/.local/share/uv/python/cpython-3.14.6-macos-aarch64-none/lib/python3.14/ctypes/__init__.py first seen with mtime 1785777594.7248158
File /Users/souad/Desktop/django/skeleton/.venv/lib/python3.14/site-packages/django/utils/text.py first seen with mtime 1786367760.7827857
File /Users/souad/.local/share/uv/python/cpython-3.14.6-macos-aarch64-none/lib/python3.14/_osx_support.py first seen with mtime 1785777594.5798855
File /Users/souad/Desktop/django/skeleton/.venv/lib/python3.14/site-packages/drf_spectacular/templates/drf_spectacular first seen with mtime 1787953699.0
File /Users/souad/Desktop/django/skeleton/.venv/lib/python3.14/site-packages/drf_spectacular/templates/drf_spectacular/swagger_ui.js first seen with mtime 1787953691.4590716
File /Users/souad/Desktop/django/skeleton/.venv/lib/python3.14/site-packages/drf_spectacular/templates/drf_spectacular/redoc.html first seen with mtime 1787953691.458805
File /Users/souad/Desktop/django/skeleton/.venv/lib/python3.14/site-packages/drf_spectacular/templates/drf_spectacular/swagger_ui.html first seen with mtime 1787953691.458935
File /Users/souad/Desktop/django/skeleton/.venv/lib/python3.14/site-packages/django/contrib/auth/migrations/0004_alter_user_username_opts.py first seen with mtime 1786367758.7719233
File /Users/souad/Desktop/django/skeleton/.venv/lib/python3.14/site-packages/django/contrib/auth/migrations/0010_alter_group_name_max_length.py first seen with mtime 1786367758.7727199
File /Users/souad/Desktop/django/skeleton/apps/users/migrations/__init__.py first seen with mtime 1787936322.024321
File /Users/souad/Desktop/django/skeleton/.venv/lib/python3.14/site-packages/django/contrib/sessions/backends/db.py first seen with mtime 1786367759.8308585
File /Users/souad/Desktop/django/skeleton/.venv/lib/python3.14/site-packages/django/contrib/auth/migrations/0006_require_contenttypes_0002.py first seen with mtime 1786367758.772213
File /Users/souad/Desktop/django/skeleton/apps/users/migrations/0001_initial.py first seen with mtime 1788013759.58724
File /Users/souad/Desktop/django/skeleton/.venv/lib/python3.14/site-packages/django/contrib/auth/migrations/0001_initial.py first seen with mtime 1786367758.7710652
File /Users/souad/Desktop/django/skeleton/.venv/lib/python3.14/site-packages/django/db/migrations/optimizer.py first seen with mtime 1786367760.2790222
File /Users/souad/Desktop/django/skeleton/.venv/lib/python3.14/site-packages/django/db/migrations/graph.py first seen with mtime 1786367760.278555
File /Users/souad/Desktop/django/skeleton/.venv/lib/python3.14/site-packages/django/contrib/admin/migrations/0001_initial.py first seen with mtime 1786367756.9826114
File /Users/souad/Desktop/django/skeleton/.venv/lib/python3.14/site-packages/django/contrib/messages/middleware.py first seen with mtime 1786367759.5890543
File /Users/souad/Desktop/django/skeleton/.venv/lib/python3.14/site-packages/django/db/migrations/questioner.py first seen with mtime 1786367760.2793176
File /Users/souad/Desktop/django/skeleton/.venv/lib/python3.14/site-packages/django/core/management/commands/makemigrations.py first seen with mtime 1786367760.0936542
File /Users/souad/Desktop/django/skeleton/.venv/lib/python3.14/site-packages/django/contrib/auth/migrations/0003_alter_user_email_max_length.py first seen with mtime 1786367758.771637
File /Users/souad/.local/share/uv/python/cpython-3.14.6-macos-aarch64-none/lib/python3.14/stringprep.py first seen with mtime 1785777595.7022254
File /Users/souad/Desktop/django/skeleton/.venv/lib/python3.14/site-packages/django/db/migrations/serializer.py first seen with mtime 1786367760.2796693
File /Users/souad/Desktop/django/skeleton/.venv/lib/python3.14/site-packages/django/contrib/auth/migrations/0011_update_proxy_permissions.py first seen with mtime 1786367758.7728584
File /Users/souad/Desktop/django/skeleton/.venv/lib/python3.14/site-packages/django/contrib/auth/migrations/__init__.py first seen with mtime 1786367758.773092
File /Users/souad/Desktop/django/skeleton/.venv/lib/python3.14/site-packages/django/contrib/auth/migrations/0009_alter_user_last_name_max_length.py first seen with mtime 1786367758.7726004
File /Users/souad/Desktop/django/skeleton/config/wsgi.py first seen with mtime 1787934969.946
File /Users/souad/Desktop/django/skeleton/.venv/lib/python3.14/site-packages/django/contrib/admin/migrations/0002_logentry_remove_auto_add.py first seen with mtime 1786367756.982743
File /Users/souad/Desktop/django/skeleton/.venv/lib/python3.14/site-packages/django/db/migrations/writer.py first seen with mtime 1786367760.280678
File /Users/souad/Desktop/django/skeleton/.venv/lib/python3.14/site-packages/django/contrib/admin/migrations/__init__.py first seen with mtime 1786367756.9829853
File /Users/souad/Desktop/django/skeleton/.venv/lib/python3.14/site-packages/django/contrib/auth/migrations/0005_alter_user_last_login_null.py first seen with mtime 1786367758.772078
File /Users/souad/Desktop/django/skeleton/.venv/lib/python3.14/site-packages/django/contrib/sessions/migrations/0001_initial.py first seen with mtime 1786367759.9512043
File /Users/souad/.local/share/uv/python/cpython-3.14.6-macos-aarch64-none/lib/python3.14/encodings/idna.py first seen with mtime 1785777594.7579973
File /Users/souad/Desktop/django/skeleton/.venv/lib/python3.14/site-packages/django/contrib/contenttypes/migrations/0001_initial.py first seen with mtime 1786367758.8886623
File /Users/souad/Desktop/django/skeleton/.venv/lib/python3.14/site-packages/django/middleware/common.py first seen with mtime 1786367760.5916157
File /Users/souad/Desktop/django/skeleton/.venv/lib/python3.14/site-packages/django/contrib/admin/migrations/0003_logentry_add_action_flag_choices.py first seen with mtime 1786367756.9829206
File /Users/souad/Desktop/django/skeleton/.venv/lib/python3.14/site-packages/django/contrib/sessions/migrations/__init__.py first seen with mtime 1786367759.951249
File /Users/souad/Desktop/django/skeleton/.venv/lib/python3.14/site-packages/django/db/migrations/loader.py first seen with mtime 1786367760.278741
File /Users/souad/Desktop/django/skeleton/.venv/lib/python3.14/site-packages/django/contrib/auth/migrations/0008_alter_user_username_max_length.py first seen with mtime 1786367758.7724788
File /Users/souad/Desktop/django/skeleton/.venv/lib/python3.14/site-packages/django/db/migrations/autodetector.py first seen with mtime 1786367760.2778425
File /Users/souad/Desktop/django/skeleton/.venv/lib/python3.14/site-packages/django/contrib/contenttypes/migrations/0002_remove_content_type_name.py first seen with mtime 1786367758.888789
File /Users/souad/Desktop/django/skeleton/.venv/lib/python3.14/site-packages/django/db/migrations/recorder.py first seen with mtime 1786367760.2794502
File /Users/souad/Desktop/django/skeleton/.venv/lib/python3.14/site-packages/django/db/migrations/executor.py first seen with mtime 1786367760.2782998
File /Users/souad/Desktop/django/skeleton/.venv/lib/python3.14/site-packages/django/contrib/auth/migrations/0007_alter_validators_add_error_messages.py first seen with mtime 1786367758.7723355
File /Users/souad/Desktop/django/skeleton/.venv/lib/python3.14/site-packages/django/core/management/utils.py first seen with mtime 1786367760.081115
File /Users/souad/Desktop/django/skeleton/.venv/lib/python3.14/site-packages/django/contrib/contenttypes/migrations/__init__.py first seen with mtime 1786367758.8888404
File /Users/souad/Desktop/django/skeleton/.venv/lib/python3.14/site-packages/django/middleware/clickjacking.py first seen with mtime 1786367760.591445
File /Users/souad/Desktop/django/skeleton/.venv/lib/python3.14/site-packages/django/contrib/auth/migrations/0002_alter_permission_name_max_length.py first seen with mtime 1786367758.7714765
File /Users/souad/Desktop/django/skeleton/.venv/lib/python3.14/site-packages/django/core/management/commands/migrate.py first seen with mtime 1786367760.0959496
File /Users/souad/Desktop/django/skeleton/.venv/lib/python3.14/site-packages/django/contrib/auth/migrations/0012_alter_user_first_name_max_length.py first seen with mtime 1786367758.773039
File /Users/souad/Desktop/django/skeleton/.venv/lib/python3.14/site-packages/django/contrib/sessions/exceptions.py first seen with mtime 1786367759.8286395
File /Users/souad/Desktop/django/skeleton/.venv/lib/python3.14/site-packages/django/contrib/sessions/backends/base.py first seen with mtime 1786367759.8291585
Not Found: /api/docs/
"GET /api/docs/ HTTP/1.1" 404 2801
File /Users/souad/Desktop/django/skeleton/.venv/lib/python3.14/site-packages/django/contrib/messages/storage/cookie.py first seen with mtime 1786367759.5936418
File /Users/souad/Desktop/django/skeleton/.venv/lib/python3.14/site-packages/django/contrib/sessions/serializers.py first seen with mtime 1786367759.8289049
File /Users/souad/Desktop/django/skeleton/.venv/lib/python3.14/site-packages/django/contrib/messages/storage/fallback.py first seen with mtime 1786367759.5937395
File /Users/souad/Desktop/django/skeleton/.venv/lib/python3.14/site-packages/django/contrib/messages/storage/session.py first seen with mtime 1786367759.5938375
File /Users/souad/.local/share/uv/python/cpython-3.14.6-macos-aarch64-none/lib/python3.14/encodings/unicode_escape.py first seen with mtime 1785777594.7641735
(0.003) SELECT "django_session"."session_key", "django_session"."session_data", "django_session"."expire_date" FROM "django_session" WHERE ("django_session"."expire_date" > '2026-08-29 14:33:20.829159+00:00'::timestamptz AND "django_session"."session_key" = '4sp6yh6e4pi41q2845dev5nt5ijcgcno') LIMIT 21; args=(datetime.datetime(2026, 8, 29, 14, 33, 20, 829159, tzinfo=datetime.timezone.utc), '4sp6yh6e4pi41q2845dev5nt5ijcgcno'); alias=default
"GET /api/schema/swagger-ui/ HTTP/1.1" 200 4649
File /Users/souad/Desktop/django/skeleton/.venv/lib/python3.14/site-packages/django/contrib/messages/context_processors.py first seen with mtime 1786367759.5889475
File /Users/souad/Desktop/django/skeleton/.venv/lib/python3.14/site-packages/django/contrib/auth/context_processors.py first seen with mtime 1786367758.1413457
File /Users/souad/Desktop/django/skeleton/.venv/lib/python3.14/site-packages/django/middleware/csp.py first seen with mtime 1786367760.5917108
File /Users/souad/Desktop/django/skeleton/.venv/lib/python3.14/site-packages/django/template/context_processors.py first seen with mtime 1786367760.6118782
"GET /api/schema/ HTTP/1.1" 200 201
File /Users/souad/Desktop/django/skeleton/.venv/lib/python3.14/site-packages/rest_framework/authtoken/models.py first seen with mtime 1786875964.9257925
File /Users/souad/Desktop/django/skeleton/.venv/lib/python3.14/site-packages/rest_framework/authtoken/serializers.py first seen with mtime 1786875964.9260952
File /Users/souad/Desktop/django/skeleton/.venv/lib/python3.14/site-packages/rest_framework/authtoken/views.py first seen with mtime 1786875964.9263852
File /Users/souad/Desktop/django/skeleton/.venv/lib/python3.14/site-packages/rest_framework/authtoken/__init__.py first seen with mtime 1786875964.9246209
File /Users/souad/Desktop/django/skeleton/.venv/lib/python3.14/site-packages/drf_spectacular/hooks.py first seen with mtime 1787953691.2850814
